RMS,Peak,Peak-to-Peak,Std,Kurtosis,Skewness,Crest Factor,Dominant Frequency,Temperature,Current,RPM,Fault
0.19218868319017723,0.44600158937595047,1.1850812152451624,0.2029197650736925,2.0171376839711574,-0.1362615408234782,3.04474414110855,49.05127222296925,33.96639768499142,1.9867390181066051,2920.552775698354,Healthy
0.21111167741715792,0.5566030697561216,1.252903417254246,0.18636282697882162,2.3992476379908667,0.06425009408989986,2.6643910897098504,52.63535090392182,33.90014817802749,2.153784409113685,2901.828845467153,Healthy
0.2289016535469612,0.5345470517931198,0.9729009920106407,0.157675325732912,2.8863082149436723,0.0638532877236894,3.1444564140585958,51.29246300902365,38.28329520174092,2.0983962459038463,2903.8530872511415,Healthy
0.1474490908700849,0.6115979422575496,1.2532150126897605,0.16601183898207938,2.4059452330631155,-0.07893774588294875,3.2277074757386455,52.229762513610325,35.08630853661039,2.033622573177827,2912.7859358768005,Healthy
0.18466743236562913,0.5718688596729014,1.2068571800306742,0.1778258442071139,2.9376197470751633,0.028109488338666975,3.1011917895414944,51.89386467751562,31.085688360288668,2.120082195910675,2904.3555281484864,Healthy
0.15444488607026632,0.5224857748773317,1.3190894360221912,0.1396959109507365,3.0388974241070184,-0.18194437259389656,2.882790239504979,50.48825919531502,35.172444662718554,2.377806644948214,2919.520166822399,Healthy
0.1660509971100625,0.5037648207335433,1.2044356586262877,0.1633043486291435,2.2535097868317275,-0.11599446568041767,2.678191699899436,51.49148223216129,34.28485147214113,2.372621338516942,2904.8729682439616,Healthy
0.18634158764306857,0.6125590393967337,0.9943176228503572,0.18598713331450942,2.4683259206266723,-0.023566461587808615,2.8663917371005847,46.41248106323288,34.97394496157116,2.0826494149493193,2910.1499294247324,Healthy
0.19922986635623635,0.5946531176029944,1.1697693196151016,0.1665530080421702,2.5518455907845463,0.010433814691232115,2.4094329481146897,45.65866258273074,31.354600775291196,1.9506882930996297,2914.7972907206813,Healthy
0.14378083778559755,0.5121837445960611,1.2838610936014918,0.1575307610128501,2.9581304489634803,-0.09203412160118524,2.9280968547463293,47.14993383526826,33.321933848198874,2.410077034364349,2889.2721549216917,Healthy
0.1973769457418343,0.5737735602332278,0.943053007974577,0.1193879750964041,2.7252453276998545,-0.04353912508765628,3.0814366739741463,50.065556436570326,37.20355778264183,2.140161093131744,2897.7180300885375,Healthy
0.18717102539825264,0.5719996683971765,1.2946537635432787,0.19922889360701027,2.8249048707023285,0.1955963469463474,2.583932930987002,48.080745401750754,32.14684811718895,2.1025475492110584,2893.4797662293245,Healthy
0.20540603787257616,0.5277777302901228,0.7852548669895216,0.13445473215773607,2.8097298466075684,0.12057518814732573,3.698855812092125,58.74158739802199,34.82881886655199,1.9526154699920342,2884.415444631224,Healthy
0.19070845849375342,0.46870589046896743,0.9752356931676567,0.14857661203290673,2.6507231897542654,0.14791762769451722,3.0549669986058707,49.52409548888394,31.928692494348375,1.7813292638239109,2904.1643050911202,Healthy
0.17784869796726718,0.7267929913579884,1.0734494138651196,0.20439588288580704,2.525246540511297,-0.12219325197004295,2.6622091332186697,47.82432180639274,38.25693946487033,1.9946533301939036,2920.061870444836,Healthy
0.14388291287651894,0.6431573012874244,1.1192911738990554,0.16451767358196684,2.685733115852598,-0.05857452345152685,3.156125270518728,48.63504955897766,31.548788472465503,1.8805156064200954,2912.0710550126655,Healthy
0.2431636502564174,0.5659991613573438,1.0286451013002211,0.18000391488608902,3.157100609597389,0.04632590016366276,2.856175469208192,53.318866130179664,34.857512876923224,2.583938997998998,2912.1988132466627,Healthy
0.13102123873118,0.4131840800754335,1.347167027801625,0.2303283002274154,2.63716827535109,-0.025982478536318524,3.5115055022847708,46.67886295386953,32.21054596208835,2.3608316986722615,2905.264738525685,Healthy
0.17979512533119715,0.5336557101475488,1.110763418783808,0.21926186514598012,2.731704717415611,0.09727265519322295,2.2824397646391423,49.85384479420965,32.31353945941426,1.8952967348940932,2899.462171596855,Healthy
0.1666350623719675,0.6415902542356013,0.8112493108068786,0.17107210224080463,2.530540698333248,-0.019320771323435303,3.3509652388566114,51.61434631101178,36.67479621488549,2.161373580187525,2901.6486886599514,Healthy
0.17104564732478,0.5742496791271222,1.081783204521668,0.13204641747183218,2.731671423569756,0.047387399616668616,3.881115913136872,55.63053383384501,32.29351329888236,2.128154159612706,2892.438695977956,Healthy
0.15637171944146053,0.5815605003590341,1.267053651759882,0.1444820656789737,2.4710487459762716,-0.2376746835686386,2.9430669278092823,46.81275676442131,32.94112114526785,1.9807848054581032,2908.8688493489694,Healthy
0.10969086434573475,0.40329547546090094,1.4332644801650938,0.12494020965540892,2.3161250475408766,0.24042962339855767,4.016773509234143,46.48530011352398,33.26350208642394,2.2853888877351274,2930.744371732867,Healthy
0.1405257168628705,0.525472215405789,1.189920763691114,0.18521681260633166,2.5683453750694656,0.003941244258075065,2.5187864670705062,49.285478768076004,33.46722501998209,2.258042472406564,2903.336073374172,Healthy
0.19886154090180555,0.651271581781983,1.077977278980324,0.18231147429397213,2.718604371652254,0.020010127170969703,2.7474546882600035,50.949482785019924,33.80542680317302,2.723292077232649,2928.880258829703,Healthy
0.19543386210226002,0.4736942790305233,0.8497659350429848,0.21169000335811028,2.7919622288014985,0.0776172084069933,2.3893949045590324,52.782315444674545,34.908840676428724,1.9223923288963807,2904.341702310601,Healthy
0.19054868817426077,0.5552466798356244,0.9974091865553601,0.1663779106176914,2.61180791762759,0.03830750145229623,3.515022190547605,42.30002467720611,33.52629947098063,2.244128105343112,2913.5519278762454,Healthy
0.1651234167471484,0.37432782175214174,1.1090391870685399,0.2304572574957465,2.163148508279352,0.12365936164378259,2.885016171906987,49.816026962513455,31.8942029785921,2.116385956911031,2925.6005351363874,Healthy
0.20330620967950827,0.7232311605409945,1.261934140015985,0.1853680337625352,3.3103770841587274,0.07267917904859585,3.2897958618789707,49.11028713939587,34.13309163171841,2.025644044174931,2921.8750072151383,Healthy
0.13286785507540538,0.6282350342417662,1.0156828096490713,0.2109936482713562,2.962804146055941,0.23847753891761617,3.2557711418985256,45.28387923304028,33.866093654203596,1.9069982018512963,2903.780641891605,Healthy
0.24044913733106887,0.6137533810897696,0.9241925228558256,0.13451989217458604,2.7114737325066915,-0.12598721792573533,2.765100902911197,50.936028414653734,36.31062407221339,2.3521903680561103,2882.504525896823,Healthy
0.1921746691612104,0.5572033573232579,1.1245002513670848,0.2265673388577923,1.9778666031183403,-0.05093241102293267,3.206817212977674,45.25521680163817,36.951898096107016,2.292089153175165,2920.159007830121,Healthy
0.15716225353912822,0.6313763689966211,1.2423248800780269,0.17815073070480092,2.782040312444544,0.05244118871380711,2.6978291573412165,49.55741395927894,33.69495493509528,2.295848466088374,2921.9978909629235,Healthy
0.13765855672086363,0.5374990969680423,1.3166619985786152,0.14397441199156027,2.412212493948388,0.04427674301974323,3.295534816669862,50.03427816668198,36.65792118087398,2.414198495641632,2920.1018408026807,Healthy
0.20216466005296374,0.7827653100346086,1.0130708960041122,0.09987671977767201,3.2614890265309997,-0.03492393171481907,3.0377581555200615,53.92865205458158,30.79548091788215,1.8870881964734654,2890.784664754574,Healthy
0.14823454839898303,0.5939636606016994,1.1443538117062988,0.1796695962764994,2.205531940637672,-0.25721241239591724,3.019023754886634,48.584671899084995,34.91877154343322,2.3754884065553177,2911.658897184704,Healthy
0.21040532341503415,0.5729211374115069,1.145411647008264,0.14533643579955413,2.6371360051589896,0.04361313159883487,3.2871849663960964,48.81877648332628,35.042334511464226,2.1335403020211556,2908.589493992062,Healthy
0.21318076168096292,0.35069396289458443,0.8166349809465431,0.11812351108950128,1.8832343580530937,-0.0613917328186212,3.262301864904709,49.14534780085228,34.39558016388371,2.4723043741776984,2925.9322335872125,Healthy
0.17723448261095442,0.6853585889569398,1.0665827985181398,0.14069106216603883,2.491959876730443,-0.15766438150780196,2.6891531511932216,48.925949935776714,35.607170038757204,2.6301924577914964,2893.4138218154753,Healthy
0.19571309873039675,0.4459456060842466,1.1354454759233763,0.16541196722592957,2.0591829609533647,0.1313956389882181,2.788249750516944,48.398299284879336,31.86049517742062,2.036429180828111,2915.134685288339,Healthy
0.17243022636254376,0.5828662002282482,1.1151459337071918,0.21622315794348584,2.5800248471974676,-0.15722293802148782,3.373527845800194,49.005535483708236,36.22918488915475,2.295844278295618,2908.4263496375597,Healthy
0.1939510357618518,0.74510125601263,1.4238564952296757,0.17242833972964727,2.7560667076609766,0.14914881889596626,2.7040186385314287,50.99921111785476,33.94827430409229,2.2784770528643885,2899.999574328607,Healthy
0.11641730026764123,0.34270165640087086,0.8488708596618706,0.15394636502712336,2.5973829446729337,0.252467739491542,3.3870976794675545,47.11372665097512,34.69541690490191,2.098230440912419,2906.587633943519,Healthy
0.18741302597661527,0.6119171116975394,0.9889334729008773,0.20723480364570257,2.3003216208501587,0.020760687483472214,3.9091858043085415,50.66923922787583,36.86642901321235,2.2228800445433023,2916.9693251439576,Healthy
0.17772867222429234,0.5329592418835796,0.9096931685894245,0.18506054756351437,2.4019619837849815,0.0998702283576115,3.3798504515560683,51.09959422171169,33.42750253288862,2.313491394827174,2906.295923333443,Healthy
0.21742188501860596,0.3668593915784877,0.9895906737386437,0.10032158017066009,2.1767287094204786,0.1836634675776691,3.31331474369009,47.841559300145626,30.994993087918207,1.4588677905395873,2903.4780539048083,Healthy
0.2768166004898961,0.5934884271463647,0.9492769885110919,0.18627780733251073,2.1536645764519453,-0.015678803523716252,3.0348171155555086,49.741698044536854,35.581612243380164,2.286161306559013,2918.0199122172958,Healthy
0.15246510871076963,0.6397815408410549,1.3432086505723184,0.13604476681220057,2.3893065204999044,0.18029412035842793,2.933029604656729,54.21146417619967,33.11492857621563,2.563761394067678,2911.5778298016653,Healthy
0.1903291529329078,0.7064718021669905,0.9848813140600492,0.13706072664262647,2.543002527190076,0.07428007407717664,2.45198432473682,51.912412707953365,32.92245736476451,2.486953165183391,2881.2688763411943,Healthy
0.14853736899583325,0.38135318487658987,0.9012786960544886,0.17866830653881302,2.637270681092586,-0.010405308273761793,2.9442852950169787,50.61016472185983,31.982927916113784,2.376712410224763,2917.9519916446257,Healthy
0.19540151750624404,0.6056533442751264,1.1033552401455589,0.2412275655955874,2.6695170401316215,-0.01684998620014921,2.7362653468749176,46.90321198826649,31.51105642479785,1.9778006716922705,2909.1518354201753,Healthy
0.19337180513990856,0.5551142058552162,0.9122036500626517,0.20150645974069872,2.958794435305332,0.0008422031093579634,2.771479349367351,51.6452837624894,34.37594717497221,1.8379681851462384,2909.184236928187,Healthy
0.19048143248297522,0.4600305213512247,1.0841718107107399,0.11908121301597739,3.1676651350042597,0.1697539982071318,2.9116189329939623,51.09036301351722,29.18015606840025,1.910913084933667,2906.4746529581744,Healthy
0.13711467914292563,0.621439648263066,1.409513375534639,0.12881848481997443,2.4068878085701826,0.048253804197191635,3.563890651974867,46.33287706238029,34.49807224461389,2.6553247127032775,2890.1788902218486,Healthy
0.1287572317261667,0.5076393393539163,0.956294085686026,0.19844104507137758,2.7845809019372934,-0.19299544715705538,3.180393641015284,48.26738333793305,36.54889443388248,2.04310311589077,2902.360616602773,Healthy
0.20164526443218125,0.6262926482336937,1.1306578855085168,0.11100409389153172,2.888312053974888,-0.10411696620092788,3.082346639055892,45.72879669380282,34.89264429508613,1.9983502739231571,2894.608384196874,Healthy
0.20855280545929597,0.5741644521676752,0.9394841757492786,0.22079125971573726,2.5457716524505902,0.02385292087651216,3.0941197066875104,48.141002197614156,34.94227258679986,2.066636913208819,2905.0603401334056,Healthy
0.23450570559213363,0.4459413947487567,0.6156995404326918,0.22638279482541632,3.592264783412451,-0.02863231185391982,2.322106685782935,49.06854807141217,33.42755410031866,2.152519039744436,2896.6393434969377,Healthy
0.20318244569905908,0.6024507375286087,0.7810069884325248,0.19447188560932108,3.418439743681062,0.04063523989244718,2.881936193276023,49.573990356777436,35.23051353393712,1.7673320986231955,2911.972688435728,Healthy
0.16438144202148758,0.7347825012956046,1.0186489079151075,0.2283760663891832,2.313690755776298,0.09047110001633507,3.11179009232693,47.39285825640565,34.35479222927388,2.5031297092079003,2906.1144995485606,Healthy
0.11232149403320946,0.5482437173522554,0.8875638429373478,0.15801806714676414,2.6714442806102077,-0.18467826592186207,2.4345195812377627,51.446200506576574,32.95456260766064,1.5588139145448583,2919.4181284392976,Healthy
0.19089479021096958,0.47861251759635165,0.8129705620095166,0.19925327637100182,2.8222727178961504,0.3059122739220888,3.147066009553728,51.16310942378605,33.66614413978287,2.404193966800198,2917.501022414978,Healthy
0.2300690003426078,0.49786770813627157,0.9716266548700868,0.1532313890180807,2.976780602412646,0.19980493283560782,2.8394058273977447,48.72567881662073,34.6281544477396,2.1385596249967747,2921.4246438376786,Healthy
0.08992890837523812,0.4673294953083106,0.9091650598869399,0.08878753956648494,2.362726544470919,-0.08981873390151113,2.9296133709184096,53.33889767498079,33.509878697618596,1.9422965699322117,2909.3165455054377,Healthy
0.22196694485765397,0.4524041183885096,0.8860965208941394,0.18954921357459784,2.62246235949422,0.09769816288513693,2.995223622871646,52.1049909442687,31.92984377191872,2.1969788373029333,2907.471719827642,Healthy
0.13136436303583476,0.39365220521313116,1.1734348263494392,0.15771666662237077,2.3422019014234348,0.00845852756920013,3.394806600072256,43.15778646388423,31.006722620193347,1.9692783895261834,2927.5341464006437,Healthy
0.19130347931677186,0.6267317240461228,0.8447710345572785,0.13081624436553158,2.8567348008529487,0.026992919712253587,3.1920585866024442,49.43698702721464,34.55628745290925,2.2395297712262776,2919.3332086690193,Healthy
0.21228033127777882,0.38801280056082305,0.645491660038646,0.20506108891780278,3.115703782641678,-0.10247476234160048,2.34905760770903,50.297104463021604,35.86167645270106,2.649398630608579,2916.1955708652176,Healthy
0.1651313321365722,0.46068693784151377,1.052061232500718,0.15952573536401604,2.3447262329949146,0.2658506781035944,3.624808940725246,53.40814605066628,32.15829920438175,2.41375483107432,2917.6755169139747,Healthy
0.1977018249681621,0.6749665267043777,1.16436680571503,0.19590049827065176,2.9229171991802736,0.060894968960252704,2.375736104600036,50.25086323223167,32.88761608230175,1.880039760589995,2930.1817994316098,Healthy
0.24915981363542813,0.6859220600295612,1.0959384150340574,0.217271879233343,2.704218613210639,0.044335673227733526,2.617285020338306,51.19097391349652,34.12077185684883,1.8743369707913842,2909.3856346582006,Healthy
0.17681081744572766,0.729756116664464,1.2109583991324138,0.17040059036820132,2.787075558430379,0.025305485372503767,2.9289801053215583,46.75271840783514,33.69789624478614,2.013475435836872,2894.9962135329224,Healthy
0.2004488725819014,0.5891264659933235,0.728392647953746,0.16570603768767056,3.0484954850649735,0.1471068486675585,3.3590428950098334,50.11673962070438,32.3099093440617,1.929075293160485,2914.1352588570044,Healthy
0.1951712013746065,0.6787331111605066,1.2479963370615752,0.16537199702140898,2.264527942398696,-0.018292791641307735,3.0760309181836836,49.39375026383179,32.844211783844685,2.263221203742475,2903.9525071030725,Healthy
0.15487735665098504,0.581145283430344,0.9776413355767432,0.17854365361424235,2.7956214079982433,-0.11673148013098895,2.8315656066471058,54.31333081974939,31.675840974531425,1.6708363877573675,2887.6578581610897,Healthy
0.18116439786306676,0.55309172780327,1.0288300460234783,0.21249664401249757,1.7645079484139718,0.06751206493169884,3.5465033706312505,46.616657705324855,33.24038697642021,2.011777020692845,2899.2678474470695,Healthy
0.1669495197990784,0.6927485283684505,1.3807296015877537,0.15824212712359484,3.3667710749225646,0.024269177238154985,3.6137918593453784,49.72010405103953,34.26211565209229,2.2913686181607087,2948.1462441524104,Healthy
0.21405142299379154,0.4792735470048537,1.2244196166496544,0.15733586120204807,2.528587435984577,0.12903216318705335,3.0108799557199033,50.835727743535415,34.02797044373059,2.284145781651359,2915.0995907692336,Healthy
0.10252132269178338,0.6166572668609533,0.8732365044305459,0.11951953025542061,2.679556064649461,0.030077720397734514,2.757272842399702,52.49309557300392,31.315649667258185,2.0982640628068605,2902.981510380804,Healthy
0.17813650918642643,0.5778864284647239,0.8685792690677621,0.195349893710968,2.722050828917145,-0.20703355039742927,2.3144929958610394,49.96304212121207,33.55806536442729,2.1741449716063417,2909.6642105216374,Healthy
0.18902239358040723,0.64476496098483,0.8500011178348396,0.1289809942484722,2.317336649739416,0.05467000006024483,3.4357315825262558,48.70598168528147,28.99660031168069,1.7740017843474063,2900.003559326448,Healthy
0.1576908445001914,0.5091611372745274,1.0569446021365652,0.15908887842121436,3.0672688636901926,-0.06112207668176424,2.69818871418356,51.43662661556139,30.92871586014776,2.297422926330001,2911.230638204715,Healthy
0.1741023004032733,0.7088276107149263,0.9380026598469509,0.24211043596834275,2.6210989927701656,-0.13324197339642738,3.0244718533481887,46.771264399043694,32.496488304373,2.299258325003873,2916.6669850638013,Healthy
0.15511329198982968,0.6487405145046401,1.2583513964438042,0.2202705614797152,2.885294692494003,0.18361144545028382,2.3417205502090797,49.046280354114614,32.265989487353146,2.229806465281848,2903.142609369639,Healthy
0.1733536863220107,0.738217488020405,1.019450436644332,0.1844827311016575,2.6187057345265177,0.02908559455482004,3.002105838152625,51.344972197919475,36.33061507109436,2.6118484994008324,2913.71544098291,Healthy
0.2035818754414241,0.43491354908144336,1.0341821863651883,0.20291013127092564,3.003089023446004,0.04539316793540603,3.3102378858487835,51.47230012698146,36.40061251651864,2.272339789239278,2905.7316202131474,Healthy
0.19343365027732093,0.25694056241472246,1.118919432549309,0.042305551117482576,2.096787807408104,0.0742122321129181,3.167135268043378,46.51271365958021,32.57579591624212,2.542635247153533,2904.1916384211277,Healthy
0.2697168124961194,0.5498080146823654,1.123446511838628,0.22659060394745129,2.745859490667697,-0.10028127768289614,2.9615953919069984,49.893167791429725,31.270516695596868,2.1360419821647945,2901.093694872031,Healthy
0.21697431028749736,0.5534611874185256,0.9990967651534375,0.16628363242820984,2.778092706442158,0.09401770396277358,2.6501007199657165,46.87523710213618,36.20935843080506,2.0969157819488173,2892.9978948888374,Healthy
0.19775250837532418,0.5963369806032688,0.7744712536937929,0.17803186004122623,2.9574540823499307,0.06492637420475157,3.2211935193164885,45.787192705727755,34.66208030999239,2.1243450601323883,2904.206518095304,Healthy
0.21482222437678905,0.697927451067423,1.3729866098280645,0.2160182755027067,2.661593036429436,0.062326419563161164,3.268388005124485,50.36353384789839,34.26152837582309,2.405938282969046,2909.288608247689,Healthy
0.15082852254505352,0.5085526934164142,1.1641038679920737,0.17010476519199846,2.8190734919039184,0.10040950906426278,2.8688054879858367,52.26874449088942,34.75768520691679,1.8912967282721305,2927.3076574942347,Healthy
0.15997021024972335,0.38449046568148165,0.8618921322744656,0.13426341937625874,2.718260661530137,-0.012862060665548462,2.8821088113257924,51.85910589644744,34.67975072238541,2.279011967661072,2914.9179414879445,Healthy
0.20464538672008953,0.3392046658222557,0.984401114592397,0.09369264774286841,2.7126209743792287,0.019444043333078562,3.365936296176388,53.56290317816336,34.40555009650473,2.0749097306507753,2915.821933350549,Healthy
0.15888329450702746,0.5498607348556651,1.2275045370529383,0.1504780028903702,2.9819875237348756,0.10128816424307628,2.6658228640042125,52.9216823846522,35.39713269074301,2.2254814718431644,2900.852118503668,Healthy
0.1456317592569772,0.4962337423096978,1.147667003392553,0.13655311914095108,2.8531292870169547,-0.12901066346540713,2.928575995446403,50.328943263722024,38.89026029011784,1.8556710861199084,2927.6641747978815,Healthy
0.1859936965594912,0.5911171918015964,1.071302624409877,0.18556543863683317,2.646210213473294,0.19448602177489496,2.840235099521347,53.39670371653774,32.711265759573955,2.1849370383996782,2897.1364493725173,Healthy
0.1982009488139008,0.6945125956926534,1.0360758876322462,0.16310900054536318,2.309884062926226,-0.00751511842627697,2.4425220090974653,47.261366039843516,34.45357209221827,2.5297532994353493,2943.710530334754,Healthy
0.15653659659716396,0.6935300156645441,1.0938754464722966,0.16470633236387686,2.8514080581041537,0.027429978041595103,3.0386385039642763,48.77500051151999,31.2037806804023,1.8140936993694798,2917.8389385993746,Healthy
0.16893199639657147,0.4903911100343834,1.0515310128101676,0.197822628852047,2.7631273800592395,-0.05872659239691608,3.4292025344771324,54.7375565089449,34.989113310645706,2.443415877836023,2924.9035199617656,Healthy
0.22520397265618053,0.6114099177112624,1.157702468473479,0.1881881200671276,2.315931813908535,0.10408677882315029,2.525465110105706,47.61620163462484,36.607130135616174,2.4100550406735497,2927.8487794762304,Healthy
0.1691330246525083,0.4347751158723233,1.0067213045273384,0.1735710954034201,2.7276460507190037,0.15604165745080417,2.873555351248794,51.05610341540877,32.02274570113079,2.3125793195109536,2910.0373026022276,Healthy
0.1500074664686193,0.5264170637825147,1.0168483656272602,0.16054457047320164,3.3199694347936894,0.008186479723054446,2.914636361437932,43.70764712716957,32.211585296041044,2.134231643885912,2901.7697678858804,Healthy
0.23526830373511187,0.5335062224603782,1.2819199648772854,0.1721596621917629,2.713029742747552,0.009344426274499888,3.0013286880675105,55.15638500914958,29.360778546497563,1.6996135638903305,2903.4819500273265,Healthy
0.18058111527750276,0.6190104424764012,1.1351556956449456,0.15655139304918006,3.056665292634617,0.14362344837832772,3.064420240945048,52.88797271746052,34.54529052686426,2.059629243304279,2918.3738020680003,Healthy
0.1844245249031471,0.5501339846754487,1.3151316429941233,0.08421947550109697,2.2038105404441506,-0.12244845116492441,2.872858773350918,49.23617549070191,30.985348704453905,1.9537104919222936,2899.669899857717,Healthy
0.2782969636830357,0.7301741947747147,0.9758851048167632,0.15727458483926204,2.2977786009840973,-0.20897564958703202,2.9590919347570166,47.00644405026792,33.83029893667598,1.7999485377391309,2900.856306500277,Healthy
0.18594508381211322,0.5866209597783938,1.1251449525735626,0.1237828855545037,2.9991400055474466,-0.07602540359222203,3.221500270112557,49.96808397014542,31.247225001844104,2.120950573854703,2914.3843649047653,Healthy
0.20451861521898396,0.5359012102555581,1.3257202003081896,0.20526287698452958,2.610171059260087,0.11001461745643334,3.6768277198158654,55.88145380234908,31.544000238355004,1.9683667222107126,2927.8190254408064,Healthy
0.1376687579664945,0.4177458866708321,0.9624850564741716,0.18470793483161052,2.6641611526861166,-0.05806763444867105,2.7640256383964217,47.86298880676188,32.24098074268211,2.7704082193190156,2913.570132854227,Healthy
0.21547036217618953,0.5010922531881077,1.0165277981065113,0.1450256106520376,1.7719020827782797,-0.14536111322174394,2.366283462006862,43.25064866614518,31.609282051403795,2.531238919845408,2909.4667659875477,Healthy
0.23162255049284697,0.5910982576900876,1.1908605886287287,0.13846860516433987,2.8833828339674348,0.10744570808892151,2.7981734477182076,51.6786211118485,35.13237551714967,2.0626118447174795,2896.526778812748,Healthy
0.1326348667240691,0.5586505541921463,1.1088617763820767,0.142261595933973,2.709304869464135,0.08846444433661825,3.2163667501328552,54.655640360367464,36.553961664396084,1.9496771418108643,2930.2030345144562,Healthy
0.1587609398177714,0.6544872812454428,1.062237592689196,0.15557477175400614,2.067306099078774,-0.0005877412259617833,2.454215867643037,52.90189770752832,37.0335853142785,2.000772252675828,2913.623648910231,Healthy
0.15098433911968098,0.4871515269863211,1.189409046695767,0.16865116083548057,3.3088768146758545,-0.037867897444350526,3.3497677163660713,50.29224023887335,35.591556019488465,2.0882105856675137,2909.405293949381,Healthy
0.1753800448280426,0.4663942885154213,1.1691746762247155,0.19275871519524276,2.9077441432169486,0.20443587847011735,3.5072706804327063,48.875165930452596,34.74610463686836,2.044099827685447,2910.2802637933746,Healthy
0.1560100220352454,0.7120070309136052,1.1154656670617333,0.16236898051634524,3.117766500149732,-0.24047384917544937,2.2950640917971485,52.38751596565932,34.12093689623474,2.2626115750651903,2894.083246760177,Healthy
0.17907065156598534,0.7503509410401342,1.1983559315632553,0.17593972907999844,2.546331131463272,-0.027348742224327257,2.254780738779994,50.77292126276348,35.69096621696371,1.8060951682073463,2902.0629972923184,Healthy
0.1337014147106631,0.4534648805191237,1.059626692827942,0.0970459245754034,2.9149946534249724,0.11046260839204187,2.9121140941870807,42.55787447004637,32.007162747995224,2.508225483525674,2876.664068631257,Healthy
0.16609906351225923,0.43199992215327415,1.1948226542852707,0.14637101167497887,2.8413839072574643,0.08785525030029116,3.642679043905507,49.39117416897389,34.752088739245224,1.8287361302181413,2924.284962759525,Healthy
0.1495796460771454,0.4939245835912255,1.045995396927142,0.11529904791310527,2.7800695101251285,0.13609595275100128,3.102526838224052,45.233307307463825,33.75238141134068,2.385507225744873,2887.464134808409,Healthy
0.13700935944729142,0.637654360408152,1.0986171781555116,0.1844190053744364,3.350823182668159,0.07622633342074431,3.2302608036516127,58.13223658165498,33.57239088381902,2.000529309095376,2915.1335567789656,Healthy
0.1975596411755558,0.49732846080537924,0.8641685364801275,0.25084455477315276,2.814395214635808,-0.06787424576824908,3.3205756057978597,49.672564545316,33.494237107364334,2.3405682179786234,2894.4974127812197,Healthy
0.1941050881566869,0.7412954807731753,1.133911979195516,0.15683257636757875,2.5225131518501156,-0.02924079680141312,2.9111130626832766,48.86658040172519,35.83262288214913,1.7666977241977544,2920.3440006049454,Healthy
0.16481253899429754,0.5876947785695372,0.8471421761638446,0.21650208733973028,3.1359722360601556,0.13515086309000882,2.4698358284722612,52.48736321319816,34.80971017527142,1.7986821882168582,2909.7084313947503,Healthy
0.19458137956133048,0.6056075273823152,1.081907046050794,0.1801930995896583,3.2157639872885837,0.16712406918928158,1.9965307661760399,49.047684335486956,33.6706979449121,1.7619753568182575,2911.1301966987876,Healthy
0.22995031089642026,0.441343214040941,1.110552168964177,0.1379461782946247,2.4648307917121133,0.1972872361004042,2.810104762960861,51.386637467031875,30.257563767878025,2.66557939034872,2917.231829355678,Healthy
0.17270000629398952,0.6075546509999895,0.7962325027893942,0.21138857596134303,2.58660532857625,-0.004488341805812163,2.8279205347620806,48.258045791763244,35.389341223256814,2.263976712526056,2917.8209776968365,Healthy
0.17964821242057713,0.6013199811077181,0.9746072260934932,0.24804061444933423,2.151224354249326,0.17131247882755812,3.4787676077523395,47.44352358210322,38.45854722111195,2.44887257073633,2921.653668081875,Healthy
0.18112088748103505,0.5282773841781324,1.0123064111328706,0.1836685708711831,3.190415196261864,0.04175770614337035,2.6809947319019485,52.47328118715494,35.84230149278959,2.3636648821119466,2918.9459868782997,Healthy
0.16916287479368766,0.4571010832869421,0.8937251824846597,0.11275878630397498,2.7829320140410827,0.009986146012808767,2.846004303414602,41.13314352696479,31.505365060611663,2.480210162850792,2902.0244879992424,Healthy
0.19442366710627365,0.4109314570024744,1.3089669868246616,0.16495903189808633,2.8015141387692375,0.2990935750258022,3.530754035206291,49.080303136138824,32.813559630259284,2.118613747120117,2916.1187789817186,Healthy
0.17579103462996515,0.5104755854996529,1.3140926251276277,0.16600265378777573,3.5048561825630618,0.03088910765026076,3.6248614379786543,51.07195826813188,35.925921146498894,2.018847237120569,2899.754889328951,Healthy
0.1983882382005995,0.6488553242465316,1.0572461703600833,0.12497623327207061,2.223909571798736,-0.15125636826234895,2.3813322604712166,50.32845607834126,36.250087843416054,2.196646053268798,2882.875022911946,Healthy
0.17236958158661805,0.5337201003367393,1.4272797750405792,0.11900017304781554,2.5632628390902816,0.22470232166534768,3.157492419471292,51.68993922054928,34.22916887404776,2.2824858846643163,2919.3313143633422,Healthy
0.14762054724428933,0.63780585789082,0.802859456960603,0.18149287904910386,2.762559337150215,-0.05395517058305295,2.992060153636024,48.13237954200334,31.856597346276512,2.1115963145965893,2896.75213637554,Healthy
0.19291189856372992,0.4349914505847637,1.1781558641383894,0.1286482326224913,2.501796779546648,-0.054952408985821474,3.4638013551061935,50.990869836849775,33.57653239491121,2.3246798602674312,2884.713691832044,Healthy
0.17827465641436369,0.7497514177804763,1.073822371152481,0.17237696092092675,2.891844932874769,0.12747262919772145,2.300886657488549,44.95302055462692,34.420582582172294,2.0212808595256226,2925.744303146639,Healthy
0.16739302440459103,0.35654692642868824,0.8217574949680806,0.07376133931292986,2.618056061950981,-0.002606095271726002,2.851438051576336,53.23663711708922,36.39703967303339,2.157402894160972,2884.383675990278,Healthy
0.20469126321969033,0.6055360228508576,1.10569048262825,0.20435179122578406,2.2923101662386363,0.26105064634221664,2.6642002864003462,52.24766878160256,30.6253046111733,1.9674338281824875,2928.196423760704,Healthy
0.169564007079966,0.6339922605132798,1.0926519699694643,0.16632646453999397,3.1773476137264414,-0.00839905895822804,2.3767416623527855,47.590279724144885,35.10238345740339,2.2988772765906273,2891.195300997175,Healthy
0.15102629922367194,0.4918278650797754,0.9842154730594396,0.1218430243989457,2.4800701121581827,-0.06743325823114328,3.270036640916672,52.427363932970735,33.708379083822365,2.1019900510323173,2911.6790917444696,Healthy
0.147336995701777,0.43531679178325594,0.8807601823933711,0.14778153926099902,2.2927841700727054,0.03944714708754497,3.255400485824298,45.238705097605276,34.05025742243207,2.145016051183416,2914.0981042264416,Healthy
0.17948244927585646,0.40464007200683694,0.8227699262057102,0.17102982514547405,3.060073321910928,-0.24570248452516033,3.1210043029305528,53.56886601586293,33.69394824758757,2.33755062400661,2901.5631710292264,Healthy
0.17522535202892492,0.3879086481691849,0.6280182044846028,0.20299680304288464,2.3552517752964457,-0.03466334140041166,2.5147452113554323,45.77009089074837,33.65232459981077,2.0176057014660884,2914.535651975936,Healthy
0.19810153675918368,0.5820849646324607,1.09294814236712,0.22522188717261604,2.32634218083429,0.01340781605564987,3.396441437181856,53.79361942801411,31.156472701310854,2.121911139586033,2926.297453150407,Healthy
0.20032316420796262,0.5695263031479774,1.0108167551817617,0.15656696760022892,2.8008766720816136,-0.010284894998138002,2.9850974826344445,50.235796118345114,32.643856943013,2.33303234347036,2944.970935780985,Healthy
0.10892053442695698,0.582401252418998,0.913165784048597,0.19020909021317375,2.7162951156647517,0.11142257288509562,3.411427301778073,50.577263353304545,36.26410457682836,1.6139255265528307,2929.085427574992,Healthy
0.1950024860756936,0.6577843355745182,0.8304223659285261,0.14092305414381326,2.751078402950671,0.017955453279504437,3.0990740058034962,53.253545482789896,30.4695593693943,2.4434547679293273,2910.099382919495,Healthy
0.1718487255550181,0.402888476561511,1.1405487603078357,0.0855062252139137,2.9269379039335495,-0.15905270025675902,3.018710269416116,49.642493488016235,36.33907629458777,2.1553362077465277,2901.670337266252,Healthy
0.15973589216115186,0.6772882768754664,1.146533454452561,0.15650295064668937,2.6172437530124206,-0.16806125087025364,3.1359659702980394,44.7205528769136,35.50359293167091,2.2321553981228166,2938.643421594887,Healthy
0.13599457785102775,0.5397337908959368,1.3736917861661513,0.2116986374101995,2.456325781947035,0.04687609140481373,3.0006997747452804,50.84586760218247,32.60263912803034,2.1776698993248167,2890.8233714966796,Healthy
0.18540493807472327,0.5950020673421832,1.009064505724101,0.11347321882953243,3.045986151998012,0.06374300455913627,2.745894715804658,49.158198659485805,30.998661194436323,1.943647468055524,2903.5462638437143,Healthy
0.22913683249120603,0.48604966091125246,1.1652384586791766,0.15115893289984472,2.7867816462981563,0.0030325397427437423,3.30556981003246,48.39556598534433,30.85494349999512,1.8545127421590921,2903.617470072687,Healthy
0.13003760117287788,0.5910212015679552,0.9661617303255461,0.2531112292509251,2.0917998917020038,0.044435981445176145,2.605216441773016,48.51979597885197,34.28283894668109,1.6186571562814285,2912.841913401456,Healthy
0.25611629849096673,0.5046561701631408,1.0967654142249919,0.20587225925938898,2.6426162749905515,-0.04971522262377798,2.203492258697387,51.92297215818492,33.77366318054221,1.9468290371529597,2911.519160523332,Healthy
0.15665278572775274,0.49715738688844746,1.1591324080995675,0.12315661560366545,3.0665603501258154,-0.14772233957420844,2.7680545070756577,55.768838582199734,36.254709523284845,2.22440099812386,2898.7136374139855,Healthy
0.15882910773200426,0.5573275314585697,1.0567541818211277,0.16681951746309132,2.6892086200705356,-0.005725013164613688,2.495307442525996,48.4504677735175,35.82924810797369,1.857916425612221,2907.7253338615287,Healthy
0.14720984284916622,0.5611350429398112,0.9800460274079728,0.22170877827411345,2.877304103966589,-0.13741637989326536,3.2349298040647945,47.67604443121381,32.846007257244935,2.2784547550267806,2904.0990309632384,Healthy
0.2157142326529182,0.4725489938486605,0.9385896205335547,0.1470270187258162,2.5020264380757364,0.15190298666573754,3.220078702763606,55.12983186203621,38.53528840779851,1.9423207420169153,2910.8450295279276,Healthy
0.46237996833565664,1.3555985180629333,2.747966995897732,0.43542761006893804,3.2214619999058725,0.07402881186635413,2.613312632645437,104.21063479568816,39.24673938774746,4.083349139533738,2886.875079882641,Misalignment
0.5872017641917052,1.2261647038834913,3.6824367032510557,0.6095600544642333,3.9633037289048616,-0.1424244587803218,3.184266751089848,94.39284476991372,46.38706579042008,3.3832181561486103,2896.7179026927793,Misalignment
0.33636243367526775,1.3041460053352423,3.275104452639949,0.6170306953378525,4.410043396320672,-0.18656234040346195,3.220620922725162,105.07757608241465,37.02499330325327,3.0972334196193674,2899.9291631695523,Misalignment
0.5499235415153265,1.0869595361496995,2.8697207559705085,0.4938155655795981,3.718560177498735,-0.0014248565765125065,2.922795138703413,99.80146858826511,43.327363814909134,2.9934506330001667,2887.626319289376,Misalignment
0.5892354038254458,1.0697710185262046,3.1908140508905833,0.5199549522301633,3.821831439628659,0.27293217536700354,2.3188737879807007,90.13083065070518,42.82141153597056,3.0975091007050195,2898.063184977455,Misalignment
0.5337872924827554,1.7160884185599827,3.373055537196448,0.5587185835161221,3.656544347877479,-0.2793840897705925,3.4076944832148515,106.10864333108796,43.93367523595194,2.7921251504213727,2907.1282990860195,Misalignment
0.6660529707961445,1.9397040619497714,2.649556030308817,0.5018836332364689,4.2109996281289,0.11033381285886841,2.6530689591794903,102.07308142513351,43.7359849014455,3.130787013715851,2898.952528689239,Misalignment
0.5541294098314269,1.919569733929015,2.6397231265149292,0.4730143389788977,3.8060420324401387,0.25821172498616063,2.5010507319621853,93.4485162511728,35.88681447679585,3.1114433288386447,2874.870495290282,Misalignment
0.5415449889982082,1.715344547472927,2.7433829116868615,0.5385025618194692,3.6353641507365526,0.22098057671735863,3.2900512269392035,96.54033151912695,41.49404473979864,3.465310189202173,2902.0807836645736,Misalignment
0.4403037942248868,1.7139045152928456,2.5661557510255046,0.6330010455968805,4.363254361912563,0.15217938566531214,3.1628931373744775,98.9548387198629,44.035571854200086,2.9702276406882784,2899.240257671518,Misalignment
0.6671934366519451,1.4095483641186026,2.7535229040037223,0.4244507615420433,3.2145399896306053,-0.22911115605947038,3.391931515606212,109.04457271041386,46.275986830410915,2.5308704289807196,2908.0473840880118,Misalignment
0.7222106349923556,1.435797504815334,3.0405789722600196,0.3593685559356264,3.9467048923871526,-0.09144075129824913,3.179854007164606,92.1939853890556,43.62857467343279,3.4585794363993414,2880.902762489127,Misalignment
0.4663077418589565,1.0109942393625047,2.893434586369929,0.4734724852574716,2.9469393232085697,0.1815433761361909,2.9200118472541403,94.62132020677385,40.33628278307866,3.4749565886253655,2905.852864987594,Misalignment
0.566997393850151,1.7047762546162133,2.5356352174453045,0.5225896080581625,3.8810272817675586,0.01542942847022917,3.2741833343829674,96.09783272677774,43.52946212332835,3.2931505700359525,2842.4911221474526,Misalignment
0.6990305703510118,0.7880918586618115,2.7535803897775497,0.6020278427406204,3.6254923011111573,-0.16391347684451754,2.6625051753133318,105.1345287316031,36.235486408354085,3.4951468853367063,2894.008162217239,Misalignment
0.4607604669557566,1.4042212319243272,2.5931102635593435,0.5892980160686823,4.202835295369561,-0.20944900409768838,2.9385631525922666,95.68407168827862,45.88052990537811,2.627465308655753,2923.8761238843304,Misalignment
0.5766705260483062,1.2595163984049782,2.729090326396289,0.455870492738524,3.0989598788914714,0.11706883475146762,2.6088337797232626,89.09816895630905,40.86097058745548,2.469000331253741,2881.4611043747846,Misalignment
0.4890897111396644,1.3321959819935465,3.8003852406360616,0.5245129253735656,3.9349540549474327,-0.219751693341613,2.838414746545231,101.07651314970757,38.92641326126098,3.4178219952312947,2873.3514614537817,Misalignment
0.5513633864134824,1.4034870900061103,3.0657282637527663,0.4687607942515659,3.651008505110984,0.05749658347996261,2.80624489704348,102.42546934248557,42.715165124512275,3.0689851191613915,2887.251749997685,Misalignment
0.6596544030519996,1.4910414390464548,2.8773210848696253,0.5283752023910501,4.733122675633968,-0.1412641174438167,3.407942757222142,90.53414419380948,42.65181947468587,3.651278989663056,2903.7960334404115,Misalignment
0.5970625078539793,1.4098876327992311,3.0124188801954217,0.49983497476773153,3.3677128656377544,0.047822389214523434,3.179352464250576,96.1639146573468,39.58115453794595,2.623914796842739,2902.0330504696003,Misalignment
0.634532326196706,1.6079151110591294,3.3860681970914666,0.5270294109664582,4.015606015551166,0.15469073661476132,3.063383992232717,97.34589085935177,48.64245784737573,2.941817157051272,2883.0142011998323,Misalignment
0.6234009823450106,1.6129636038237514,2.438083380955869,0.6098142603650991,3.7481929835570416,-0.09996759713882969,3.57551364574155,103.12837785798077,38.20637402415626,3.7220139940902035,2906.8583526305915,Misalignment
0.5789803884374953,1.9475547014054448,3.063719113531856,0.5177533539916774,3.436834936187906,0.20473307907527416,3.290641186929592,100.07340069944856,39.630040938397194,3.145475448958126,2893.7436218562816,Misalignment
0.44665256812657983,1.1820469121689536,3.226061351523908,0.3118489347958649,3.912975789828693,0.013945049604311602,3.6232986427519642,97.53265895423063,43.97845264275569,2.961080155566773,2897.0474667627504,Misalignment
0.653683653092005,1.434361070918855,3.3986219537993616,0.44050416983148133,3.9620260634071083,0.2660751501018135,3.364014996716134,109.58222438367704,39.70968204806802,2.6172977620279942,2877.1019680470877,Misalignment
0.6460442566548437,1.6744807335673446,3.0409026638589665,0.4301634360714296,4.221777011330984,-0.12044685997709725,3.56357983295076,114.28719211569933,43.099353439714655,3.30408784748021,2886.12852415988,Misalignment
0.3989786678913183,1.3993201592424445,2.5628419035605003,0.40423963388679873,4.747297968097607,0.14911525324463915,3.2518750322455934,98.45488817401875,41.48138675266969,3.4375927387837666,2894.417931863486,Misalignment
0.6330693938024732,1.5009989255387461,2.863138843707181,0.40744686675185104,2.7122380156980794,0.052918857808047684,3.1225986767972933,93.56934981645604,41.896575404896105,3.118813397046676,2856.191855890931,Misalignment
0.4884875340520498,1.651815973433867,3.1548234917582976,0.42770600668801917,3.887146427774854,0.28403330056488496,3.4108291835963596,99.52357106493032,40.59607106002712,2.8797294304829237,2903.4207560923737,Misalignment
0.5995103973142888,1.7073510015255502,3.0527495252484607,0.5855011160277954,3.852025893126735,0.24124396890370356,3.448329108146656,95.97736684887593,36.57556785938776,3.640222499605094,2899.6198571528207,Misalignment
0.4085514104503878,1.3715451256953224,3.3087497169479314,0.49762585350936855,3.51836621937448,0.352158734856334,2.681085141446476,96.00923321122583,42.6341594251448,3.2366592262188587,2903.934174618133,Misalignment
0.6711238044568947,1.5996446551703793,3.1957535755753637,0.49926325925479337,3.8344840667801927,0.11935615240965419,3.1860392543276146,103.8626990379138,43.665437045834494,3.115475951015064,2880.435732271061,Misalignment
0.5867671258062709,1.542995553776064,3.0772726319252794,0.6965220245712322,3.5119249718023204,0.17601202344256472,3.5273848268977193,100.49000957049691,49.013535357516496,2.967686247893983,2900.833606001761,Misalignment
0.5001194255107018,1.4621188162141767,3.0995735641586633,0.5877043249846184,3.9755021587129655,0.32664067288025245,3.0620138757629314,98.33915735080497,50.11195532183816,3.2379831773047107,2882.049332172386,Misalignment
0.5105736237751931,1.314330021367165,3.374627742342715,0.49084981656854065,3.8700493616110667,0.08856843860111163,3.392596963176374,95.7662795355799,38.77328314157096,3.178504057513558,2905.817267124598,Misalignment
0.6132532313097641,1.347636567725668,3.2709939368365575,0.4604911258323493,3.513153745367489,-0.06991163444996037,3.6204633394608123,103.16710770513674,43.81498012703662,3.5365239973998577,2945.627686468297,Misalignment
0.40907738960898443,1.365405854780723,2.7535299663301904,0.4519344302093846,3.2073292138179577,0.0460624484700342,2.613358513884238,101.67521183768707,42.155094964285844,3.2683600326672795,2904.1391121294887,Misalignment
0.6403006853426676,1.4566477657940295,3.848457361053467,0.5387544893185678,2.7756333860563625,-0.08042763423791913,2.403798804388874,100.08667314575654,41.63458432784,2.93605100573519,2931.196670023209,Misalignment
0.634898287407691,1.7315245903615837,2.6275706048231586,0.44006840869351904,3.8202430245033248,0.13114128513740064,2.3574753731542173,99.09846488575234,42.04221624862051,3.024697791980105,2880.3589725777597,Misalignment
0.5260464818078859,1.505785201606801,3.0363200094440193,0.5683833266040454,4.394470912722979,0.047017409765095046,2.917537521553857,102.18827836767153,43.832534749232565,2.9480298483593903,2909.227082585391,Misalignment
0.6779585341155973,1.8729216164146683,3.711328362687929,0.45068670890724494,3.807644015132881,0.10202998539135882,3.060770572586997,96.75368540194933,37.543313990306785,3.1324378061101514,2881.1695981281377,Misalignment
0.5885993480747624,1.3514891145752868,2.5601366616622636,0.5387438688301518,3.8830068397435724,0.20427075483776794,3.97434550656705,101.38644765605423,43.45524530119239,2.7228535348964362,2871.8356660703453,Misalignment
0.7382829446773334,1.3191300550166742,2.582422371412543,0.5168720863026758,3.7503941726424364,-0.062451171159792485,2.97801071251476,106.14687858825052,39.582019173504605,2.61221463047184,2911.9666851761963,Misalignment
0.6292296911938037,1.3948703448378346,2.3671331935492326,0.46043013148491496,3.7699125597329006,0.30982097617908744,2.6853672100521373,99.57740059244263,44.02543397968469,2.266556430957328,2913.6081510229,Misalignment
0.46175494277935625,1.6329988733642338,3.0986732598442974,0.6067669113171076,4.103008409491447,-0.32791228851139653,2.7860883011376036,100.6910256467664,41.41506034164064,3.26716375541487,2909.2085980020547,Misalignment
0.6408451736429679,1.4964312643613837,2.261465195551808,0.48356150009161464,4.029002481476425,-0.09628050545908595,3.3525098920486305,104.54196648633652,42.380600928887525,2.0276770467906617,2871.9944094711877,Misalignment
0.7686189158556082,1.4133655517429056,2.2063427107484017,0.6188197910648218,3.8073455753490197,0.29888928801239056,3.2107834700877462,102.29279568106084,43.089027743143546,3.34412090917235,2935.99374807401,Misalignment
0.6771006335959188,1.1549151705386163,3.1786646061115613,0.6113184614482574,4.4614854435948805,0.023211103049362095,3.565977778075251,104.63871199775602,49.71755231090919,2.837499392313021,2885.8667896247925,Misalignment
0.5493880951540046,1.4274444624903062,2.643991700094559,0.2989859595461006,3.560915289452276,0.16648445074598278,2.9027112617976356,109.67690591764554,42.040127438147586,3.5518601693144474,2899.7055674291396,Misalignment
0.6626407309893257,1.6198103884833905,3.5475138527614254,0.524475148010592,4.072866389448832,0.16593992805700786,2.9846858167490726,102.02491159462339,48.70315873859305,3.0053610702665954,2902.5503680713587,Misalignment
0.7057778950869442,1.83506332023607,3.004686567087746,0.32932890376341106,4.084186550256656,-0.29950536655214943,3.6879748923764923,100.84736935596631,44.99902205961597,2.7842611016366323,2867.054865480599,Misalignment
0.6060754384141167,1.5415991400109645,2.8033836695371335,0.5267729024586211,5.322089740617743,0.25021459852643035,3.519799442345328,104.21968445776677,46.43838643155658,3.0334749144847395,2858.014296461845,Misalignment
0.561141386699399,1.7529339274991256,2.6120798419539706,0.5058907239608535,3.4195266413487277,0.3703652653317635,3.3997828061626256,103.2577031032198,43.864803939362915,3.0869627616067556,2898.556013085495,Misalignment
0.4614815419467682,1.003389505312358,3.06003245213801,0.5459192205017716,4.465095512633957,0.3828404468948262,3.727999393999579,95.00988203353062,40.94320489515069,3.268117003558483,2940.574284199359,Misalignment
0.7280099203713916,1.829849290499595,2.844884817780284,0.44934402950759006,4.233899335860782,-0.0981190275621848,3.004625459607879,99.42611025499039,46.77873626736842,2.975855943964113,2851.093506505693,Misalignment
0.6304444647662468,1.3752445367240185,3.017052409775099,0.5130636239326302,3.6494628023002273,0.2422613047212467,2.486854048658917,97.4149288752282,44.052113739352144,2.885070328629471,2866.0414792331403,Misalignment
0.6468555343256736,1.8307736576103848,2.9820019169427976,0.36313235212243744,4.188283360684348,-0.1987798186555438,3.2235197107392666,95.5626808762892,38.5204821426991,2.9453314940221085,2891.7006439843094,Misalignment
0.5155791749613552,1.6971758195537876,2.8215722486164667,0.5984152697337458,3.9546452411039135,-0.025560297187335435,2.7536240464670856,91.76251850476281,42.872199533600465,2.9758943584620248,2852.300480494857,Misalignment
0.5264285127230599,1.324741492686262,3.630271036868264,0.3837777110485352,3.0072570601462703,0.2997945357590259,3.6427052629855856,96.27508530637179,40.10374253157327,3.3156823887936597,2853.1122036549846,Misalignment
0.3938806315494443,1.4798166497873222,3.6199562264516505,0.48514159294666087,3.8555152354543347,0.30408206906152213,3.9427538933112585,97.11575763425844,41.94948982879972,3.737719327469995,2867.6004130465544,Misalignment
0.6827581070553821,1.2954211169096854,3.0409889468412628,0.500590476207978,3.2730936196143237,-0.0769583469784895,3.2105657457015018,104.9776966408134,41.61079139043449,3.1245396055566257,2905.281133193239,Misalignment
0.48283812269870396,1.7349231271032308,3.327737238823899,0.7282901039000328,3.5931426951922294,0.01754527569973703,3.4075863486294984,104.0955208445607,40.39473853986986,2.958893063074483,2904.740355087925,Misalignment
0.49724157592653384,1.4473665029962464,3.035837106947374,0.5996750947857806,3.4674707611012523,-0.2316292031655209,2.333361012992716,93.70293466646933,38.06049684540019,3.045886234483032,2873.600157235243,Misalignment
0.5097245040178795,1.3564785287544876,2.8237968556608024,0.6258003465218498,4.164071174186784,0.1029032947496807,2.9155894877676647,97.83383671688489,42.98323940985585,3.3044591756733017,2878.662884890189,Misalignment
0.5836480755614231,1.0420951078342433,3.084685513668239,0.5809719393566949,3.6459622552155184,0.42697485930521895,2.74750462102558,101.0872020765163,41.89252576000214,3.0648958163948072,2892.9422009759146,Misalignment
0.5907105030009472,1.761989685865925,3.551094494509898,0.5198199804396674,4.248423839694398,-0.026318050328020842,3.4063821810904935,96.19004238086505,45.2719798082644,3.8737243070876337,2892.802490016515,Misalignment
0.3607456509192591,1.4129817666887943,3.4927500537157212,0.5642461429620196,3.936902479271266,0.28156030407187105,3.293781375699369,106.08862593725569,44.75827102994096,3.632595158457936,2901.4583295103125,Misalignment
0.6705259401493955,1.4732182317285536,2.7594156753763976,0.656541411233518,3.9189125719774784,0.24487850185522822,3.149496005764556,97.06742174540018,42.03294867774721,3.6025979062187,2904.9943213370298,Misalignment
0.40885268402695407,1.4961888858559613,3.712917517081885,0.5028962510520035,2.8097367195462004,0.4407487993760578,3.372957003925117,99.649935705936,40.885746791753796,3.4788231754271073,2885.2442987959284,Misalignment
0.6948256424515988,1.685548821431064,3.09787277019494,0.5316411844268476,3.703767579807202,0.28821522163766783,2.7538628671592664,91.89037436584896,43.843320368677425,3.320933414823502,2903.6443407452116,Misalignment
0.6207728369618039,1.469864905415613,3.31499308175421,0.5163553498596367,3.5320875415516517,0.04385956379402803,3.908255879510333,91.32511958977284,43.499364312887394,2.512311350331699,2893.0517999101867,Misalignment
0.5366372514845812,1.0287429258300307,3.155615036173505,0.48959695502462436,2.6454365115913157,0.25112225633936536,3.674002471195574,107.45062171148285,43.07686932195441,3.1161203485019904,2918.9068191761244,Misalignment
0.7482383585340098,1.8333921757189062,2.62338495910808,0.5361075882571937,4.041733879360286,-0.22573105440510124,3.28774426384831,111.36495912989695,43.91980849740237,3.615694578504615,2898.292465142317,Misalignment
0.5726781676016178,1.645317847520244,2.673669340806227,0.44289798502124894,4.496467506443151,0.3470216217159733,2.70355747376506,104.83999402276932,41.73912007318194,3.2189330010716506,2903.2839355098313,Misalignment
0.6794350468124318,1.5706795504657973,3.5640647981207745,0.544753027180794,4.143301349858243,-0.049987266476704345,3.963463604281934,102.34912461602484,44.138992276035296,2.5371349660759606,2880.1913635845763,Misalignment
0.703788368791873,1.6217227795731513,2.2344881060684294,0.6030631943187056,3.500919457606002,0.3540370574578081,3.0648657285585204,101.02353343010265,45.53686373577494,2.7858774602008682,2877.128757458989,Misalignment
0.5603501579601893,1.7567931999053057,2.467649098954604,0.38655723200887226,4.2530465098740855,-0.008536096262060658,2.9431095948318866,90.71594799029917,39.963062056944054,3.0973514461790974,2911.746801437212,Misalignment
0.5028769833765361,1.964344030058124,2.7261775903280796,0.465352655873186,4.645546653543791,0.1380628274255051,2.8791901083953695,99.22433434409703,46.05922073262618,3.6131709868689885,2880.2977227731353,Misalignment
0.5757566189920892,1.5725392069168933,2.605503955793361,0.5155451957880005,3.802927573248435,0.3052377062086124,3.5829700113244805,98.35395300820495,41.35814056841757,3.3325023057194727,2884.466607919314,Misalignment
0.6388640151737403,1.5280233781576964,2.612240568904552,0.4434530629696283,4.595882282817106,0.07184413375420626,3.7561416375593244,97.43181869642545,42.873615603394484,3.9374368530563846,2875.967038596061,Misalignment
0.39021855001002226,1.8716475328218083,2.6692763578427705,0.5183434908715013,3.477744984251628,0.1482693005719569,2.719785517125703,99.10029956058347,43.3494459796696,2.7470918898040084,2882.398487466374,Misalignment
0.5452617166401468,1.1927961414434305,2.8309756068805014,0.5295037231922322,3.580248082126364,0.051152231272289586,3.0920393316373658,96.72128268783842,44.07318769760063,3.6025923436806213,2886.641152940482,Misalignment
0.6285198231477707,1.4900957111413382,3.1461949380154017,0.6452623624962603,4.079762748659954,-0.2192146169857425,3.2815982525787835,106.16431871654504,41.33521149000569,3.4484721821412414,2882.577920259265,Misalignment
0.43144608404777257,1.58529225470816,2.2974093117014744,0.5008183189685127,4.507763244455027,-0.24375732303433054,2.588201281634441,94.83983877419212,41.81004042086712,2.9719991250238267,2920.1844548705294,Misalignment
0.6754348329091697,1.6738182365171494,3.058252125737554,0.5514583821587862,3.3259097045776436,0.2542978636401902,2.6551822982563196,104.17688496951115,45.558427506356495,3.1738026107308306,2891.8281649386845,Misalignment
0.6200309908309672,0.8346204074748318,3.1209032873941847,0.5109316801728154,3.772154537818655,0.22717585232160895,3.070092431374109,94.2989657167442,41.575791987523864,3.1236444194282886,2897.0688104084584,Misalignment
0.5961919367285068,1.8098422612296383,2.565586178786341,0.534056036493188,4.509461334240032,-0.21223006944869513,3.1718586723120215,97.07310749013479,40.88786884658069,2.7833173738749526,2891.948087117392,Misalignment
0.7641255614426904,1.2338924097056967,2.532155999008469,0.41584523438691967,4.750080057645455,0.016778853006168354,3.0897443758609304,97.98608529446881,39.16673136479073,3.0176972736849477,2939.2483849032583,Misalignment
0.7192070920974255,1.336765545551932,3.259029641224674,0.4534781781866899,2.822997798634578,0.2835119651796333,3.5640371386574206,105.2302612552395,40.59040425234128,3.0416284930993047,2908.4957799658464,Misalignment
0.6191496037348106,1.451590632175739,2.352371271952734,0.5291100155313609,4.393455301579862,-0.11556589202614828,3.355503752670391,101.65770847566846,44.250444789697,3.405191424901653,2882.4996256453437,Misalignment
0.41830405998350534,1.4166201185792802,3.355650927010803,0.4766396877179223,3.4182761718782966,-0.22784306154643488,3.8010590218203757,104.12856820712655,44.309687943824294,3.438703885372816,2905.380750507781,Misalignment
0.5555671144820471,1.5090589739694495,2.82897425416315,0.7307792603532001,4.105751617214693,0.016515920556741795,3.286198709666512,94.94565541071842,46.51352015576768,2.868625816467501,2904.019537787204,Misalignment
0.6865977629743134,1.6461921360512481,3.037787996727855,0.5208641667884812,3.768957396712091,-0.003805728006950379,2.920206628092118,107.39795186825468,41.67439010194453,2.8249713057160295,2885.706643256493,Misalignment
0.6900370680697223,1.7189016582911196,3.224131671292903,0.4993983040872167,4.11534935859512,-0.015841002491116626,2.99615438746169,104.84902243695873,44.62283303675719,2.756331553917219,2879.6005238476455,Misalignment
0.590870215281341,1.9815330936673776,2.2337739342124023,0.5422666351656403,3.043176167634768,-0.014179578834598194,2.9542286327743037,97.89745828281555,40.39861218102237,3.1025224711317296,2885.36539980065,Misalignment
0.4337542615145847,1.744967403130694,3.301148866859552,0.5874539448018136,2.9525960270547547,0.15380526746514717,3.3703915423227695,94.84398965780207,42.02751974454639,3.059306674141372,2928.158711854229,Misalignment
0.7724496037012573,1.1339109016674498,3.9975708022911958,0.4467819423077341,4.339370311880084,0.2746896365554715,2.7017239092632774,102.46633896919549,41.67739876720181,3.294015501621337,2899.1521014428513,Misalignment
0.6996339485370247,1.5688498857865156,2.9328503722294754,0.6076851386445744,4.119217780672232,0.2317264109777598,2.8341653310965613,94.77368609300763,40.296833570241894,2.8827125150117943,2909.1515868357524,Misalignment
0.6775984050294052,1.5112174276169,3.572367607529741,0.6294775515012104,3.9338694040202964,-0.047940518877747196,3.7301506597742162,99.69491324485796,42.378495589292925,2.981138241037701,2878.9837741266506,Misalignment
0.4331360569684708,1.708217080889322,2.6866395784413517,0.7647624983197459,3.202659529563136,-0.12632884549664658,3.3040554862453764,107.64656739483648,42.193768970829666,3.300284847065546,2861.816146485743,Misalignment
0.5122488454308233,1.2815960677156082,2.2419816600208478,0.529358418721911,2.5664448081142615,-0.13799527389574076,2.8851224823946326,95.84357082024462,43.189225506621206,3.206953067165868,2911.088377426838,Misalignment
0.6552383732712678,1.8352031973403453,2.9992326399963782,0.5442773520653336,4.081332536055555,0.12549820553038463,2.9411222760331706,98.33778732830115,39.547324805010106,3.2475658904684406,2893.3077268664674,Misalignment
0.5136826249363234,1.384438795168852,2.5158405088868845,0.598307307298976,3.843239718242483,-0.05530400352318862,3.4234190998408076,97.19775595102814,37.7804981189633,3.4574278012266966,2885.33225418781,Misalignment
0.539110090979121,1.5602950050872944,3.457035689116046,0.521602983269305,3.140485580620123,0.19789786074019244,2.9060041102953105,109.43961985764733,41.99664083400633,2.317737575735467,2901.432569498802,Misalignment
0.7744597792260228,1.9439800721363474,3.732381715502626,0.4384191851694829,4.301683817787228,-0.029959017152608097,3.18971575976677,93.63523785630133,40.06663270535185,2.8633136559227346,2911.173995042567,Misalignment
0.6600719121669655,1.6192049323327051,2.459831432777846,0.4950688452840224,3.3896359343815003,0.25654163620500836,3.571273941126874,105.28192793015441,39.734341741748935,2.1411634071986825,2863.194685833659,Misalignment
0.7221626978082208,1.449686265170044,2.699710152693955,0.6514128234748987,4.49583797001858,0.1044007699455616,2.9826387635744105,99.33949393593437,42.6814883951624,3.6600165484618628,2902.6044136362702,Misalignment
0.6526029033039141,1.842317527267543,2.5321295995902324,0.5803889513979235,3.6379871849361134,-0.3528971352390978,2.248732183205675,94.90941194240658,43.59366968577774,3.139829847869104,2898.318600729162,Misalignment
0.7750943482686692,1.232727596285047,2.9890266583265106,0.5443548418251053,3.3950497859039155,0.10509881411492938,2.460020266366262,107.04953108637514,39.9551563424087,3.810990057672476,2894.4154621694856,Misalignment
0.6828053565399183,1.5366742827522115,2.987702467095788,0.47327765334223937,3.8655181611514524,0.15723976499452855,2.786296596433928,99.37477792070058,40.169703401828656,3.9048824243651934,2893.384846141591,Misalignment
0.7345232151696559,1.501094417298078,3.103715056613963,0.41429087426837846,3.5541100744726744,0.1378962407420644,3.734401532383947,101.10991388838136,46.151161083579,3.3242551885710223,2924.2932241103645,Misalignment
0.5740957782694944,2.147555677662951,2.8058415188343506,0.4586830532641865,3.134470932671031,0.5195844408804526,3.427779029047159,98.32939633309846,45.74706809062049,3.340692264791224,2930.3902944847605,Misalignment
0.4252167167260088,1.4836599729214364,2.81499144642287,0.3621053858873119,4.383179962628832,0.05132861995539549,3.395852481994625,111.79885967164806,40.94026892451718,2.9525964560699958,2897.135955055032,Misalignment
0.678724735298341,1.4083217436724627,2.747615361147148,0.6045751416193093,4.008251628110919,-0.2680510873408677,2.609843280212357,107.50617931913605,43.20578484923644,2.833231424136963,2891.93262616977,Misalignment
0.5813236672801669,1.733933340070041,2.456694642056484,0.45272406890636335,3.9501256651748635,0.08202977551081894,3.328743673054684,93.85246301320201,43.07138602881396,3.4820542667821153,2903.7627338486873,Misalignment
0.5939111739761591,1.5260290993585073,2.6660595388913992,0.514240112604817,4.4928382190842235,0.07857486881197746,2.744078404260636,97.53876455617306,42.60255089182779,2.9692701009867037,2903.7354590951363,Misalignment
0.632284376074903,1.772245795101162,3.569423788906013,0.5996686979497889,3.286168514718622,-0.062636200383729,3.06969140941607,97.74412321380292,38.58501981911717,2.945407872039452,2886.4587671948575,Misalignment
0.5128152260238794,1.4710526284612486,3.4713803401273324,0.5359390432999391,5.159494991830508,0.13069147348353688,2.9839736904250995,100.02066441327433,42.76947593533062,3.2523388850098724,2932.3808038654624,Misalignment
0.4954679535022431,1.764761514544434,3.0831002390456494,0.3943121805943506,4.22388433015212,0.3281722409447029,2.757129438489028,99.95533066054014,36.82393721397689,2.6594177391104825,2913.8645323971105,Misalignment
0.5333583493992565,1.2727992562654902,3.0917841457833717,0.47820700548551814,3.541048088223455,0.2330786846214826,2.6353066564262613,95.47317393659084,42.462239976446604,3.4392934267618718,2917.286885426817,Misalignment
0.5134938279638377,1.784344241729912,2.6863430826118364,0.666096747752544,3.1764259360191494,0.33912618594251154,2.8374055572725103,110.066232273973,43.773962186557455,2.7443942147071225,2885.5997073682347,Misalignment
0.6581181205223742,1.8131611044038904,2.971713763310215,0.5235726624770773,4.217094167954236,0.1237237168619476,2.5825980562646498,95.9351298767991,42.705359829455,3.525418845774193,2924.087683634917,Misalignment
0.657952942077145,1.621822690259091,3.2995255543929907,0.46665993198345157,3.715722971857982,-0.04834352984110579,2.6005029557169155,101.66774505818103,42.55653991975423,3.3406783695781543,2904.830012956064,Misalignment
0.6042644271323862,1.6891541664193885,2.982926761509009,0.5530313116177921,3.400620578522502,0.16654706661504343,3.3673670741144037,96.65159285963898,42.15549629697854,2.881739121629724,2885.52287946271,Misalignment
0.4675070644897845,1.8664437312916389,3.426274069888019,0.562994708338187,4.884707773569097,0.06593577461768951,4.3127049660442545,98.86235292318389,42.765580055268046,2.960777730120927,2901.7018600810857,Misalignment
0.6635614927886244,1.521520901736729,3.710687938847048,0.5391319427706769,3.9487669623606094,-0.06361958501246914,3.267399629820154,99.32986389595317,40.17528081198814,2.828233957148073,2943.0917408356204,Misalignment
0.5536522749820965,1.185753644804683,2.7207114161069708,0.515874572841903,4.100666867939067,0.19986337391055642,3.3706458207106103,96.77569846681335,43.021321330504634,2.793379187561298,2883.8464263057476,Misalignment
0.488229102549974,1.2529027863504327,3.4256837955432036,0.575088936078311,4.337165953487971,0.10707635188437334,3.4107230795460586,91.19355297678727,44.58926255413606,3.1619919405017605,2906.287972802685,Misalignment
0.6180023299048613,1.3032362113657783,2.4007840898435813,0.46303566670536295,4.110704504700101,0.22421645473157117,2.552823089047255,95.09450316265892,39.83029294217748,2.9749432289066147,2870.4830850446524,Misalignment
0.4377948233859867,1.3445411758981116,3.034501534490002,0.42555245281972076,3.7363080695155286,0.29053950690552677,2.579288105034596,98.96777120794731,45.07427020125232,2.953606063372667,2884.6739455645484,Misalignment
0.6963495814306473,1.4734494802571132,3.441798010082227,0.554317231290176,3.6114354408995895,0.18634429550755546,3.2281798055384154,105.10441410501237,40.35496338640495,3.114422123373567,2893.8927177671167,Misalignment
0.6504148141639784,1.293705201388956,3.4067908192951424,0.5573063017736334,3.0756912095018794,0.31748730858649005,3.9936372323190925,105.00916984774705,46.28095430167941,3.129879983560906,2865.0929114447067,Misalignment
0.3955879548832475,1.6137705109669396,2.763208476908008,0.4468338977338119,3.7654893238172282,0.21080535181503188,2.518896981295141,97.75561189859808,46.52961204936095,2.723649066922519,2910.6557013689694,Misalignment
0.5315269238451006,1.6864484399624882,3.438931002881147,0.5793025413588018,4.300037781217632,-0.10728683601343209,3.5454638826965197,95.7365344268259,42.778625296714615,3.1903861654490293,2903.7322060596525,Misalignment
0.613695667606019,1.3390475053688193,2.4600530350817134,0.5897878943969415,3.9022090176354034,0.30688783137240716,3.082106826324853,92.9741781966152,44.898389043012315,2.970370286618613,2901.1560622335783,Misalignment
0.5152540571520481,1.9610754275584226,2.6493740703267212,0.493005619671506,3.8590967864835237,-0.09659281887565246,3.232207811435038,108.05955238733745,40.52861351791887,3.238299986661104,2845.510163051306,Misalignment
0.5761070799515159,1.4717394285184486,2.672600959035846,0.6065160375702826,3.6205659751068944,0.06805405232315426,2.949122850084372,90.41592064117462,38.60404067976911,3.436382720142076,2857.0208883561604,Misalignment
0.5033684650384294,1.4500699859275592,3.697448746916626,0.5814883012397095,3.493556210120795,0.3348124654807992,2.803793671799552,105.04549901867003,37.92336826223095,3.475640241126205,2887.689594381522,Misalignment
0.477149575905873,1.4957140967309215,3.110937671888086,0.48042012555794306,4.104674428297428,-0.00493889905953214,3.348148957572543,102.211110310183,41.817230835876195,2.945516190671918,2897.7277343237747,Misalignment
0.6350253743033699,2.065449788182902,3.375768168719272,0.5980791959852674,5.498681707173156,0.19287252581821196,3.293857404524681,103.52007537160827,38.97310206723524,2.9446344272534355,2885.888953199538,Misalignment
0.6447613977219562,1.5064563594447005,3.0552893701897212,0.6069963696118772,4.2747329062872765,0.07089021945257554,2.8320019612487113,105.67637365826594,44.3216735427296,2.5378101135966165,2889.363229099651,Misalignment
0.5965515462016762,1.7447074292802578,3.3640405979759085,0.5427124800940379,4.12188614224737,0.11154462442806766,2.8304593247277756,98.69367804479373,42.05697355992032,3.0878622624934935,2861.0596877200173,Misalignment
0.5402516665070568,1.564051413272288,2.8874520032377196,0.5002540963590731,4.068395253942523,-0.09421229366875408,2.4487831144195153,98.25915104581662,44.29234321650537,3.6906435638203234,2909.0783083037054,Misalignment
0.4331736240131152,1.4919081901558073,3.102653752432612,0.5342072893538874,4.096617504118581,-0.06506881036293691,3.1259772350202972,102.10161414888064,44.47701285991098,2.8179986416855227,2888.787176389628,Misalignment
0.3096182319926659,1.3946345081055564,2.7902340428115826,0.43843323934660455,3.891086682627958,0.08992982223185172,2.1963144489689554,101.07753984650878,39.21502760763292,3.26999113571668,2871.926677540884,Misalignment
0.583000653853094,1.4792091677783736,3.1212407539801323,0.5299757822121077,3.6596597037381997,-0.17652901652796402,2.5091168146155876,97.08056530453891,41.97516034821124,2.887113218480309,2906.2538147504306,Misalignment
0.5520779080788316,1.3087468188051226,2.8887614828048362,0.5380687869053242,3.9786865953535213,0.4381082437587632,2.8324362639986322,99.632606692048,43.27837184045828,3.0918019642797145,2885.988873372204,Misalignment
0.4250742823655756,1.4222913602367462,2.5705190349128797,0.38187146551009776,3.3623766370811774,-0.08847650973796181,3.3335146181171793,103.00545918707147,39.28836213125737,3.0089199793029078,2861.5516320819743,Misalignment
0.5305660049817306,1.6497454751755865,3.329975155845641,0.4629562334646949,4.378520173290136,-0.17282454587242488,2.600948880342483,103.54830932818938,47.01336368568974,3.2727011958642933,2894.2738370423876,Misalignment
0.36048162534777906,1.04438823598913,3.0517638147583477,0.49135498643430603,3.191790649816335,0.11179586454940914,3.1460525470031238,104.72207934270136,42.409806849038105,3.5299380289170346,2895.1438925318785,Misalignment
0.5684665005192664,1.8160780465617956,2.608623647983426,0.7451557962612929,4.006391612991704,0.16854926551078114,3.3100383895890393,109.38568237665821,44.37752223501782,2.538230407348627,2920.2624669258153,Misalignment
0.5459103420554983,1.576788768209831,2.488298411129893,0.5620961614499117,3.441744140462846,0.11803053483882528,2.986360397855687,109.62506400867926,47.94678090043677,3.1162796095751597,2896.1515988046394,Misalignment
0.5426557033650484,1.8265015728756966,2.868432051866649,0.48629301802834407,4.33822607501573,0.0031061628430031074,3.0848979862205876,92.09344609244503,44.1125710353695,3.779303428713654,2907.982056710396,Misalignment
0.7261799167547305,1.3384744659556673,3.0945297128112803,0.44454720605044884,3.674728949930261,0.23899806592345088,3.1407282452413194,92.9367948869939,38.05491268338674,2.6165926239782293,2903.846146618913,Misalignment
0.7863894535656668,1.8906145610000533,2.2416059203415744,0.6336860750455827,4.315020229358056,-0.1781539901951764,2.978719353315801,105.47761205747905,43.651300532804356,2.641816731664205,2905.9933588043314,Misalignment
0.36624994039194114,1.4942944560606972,3.4551827077600197,0.5214715372457056,3.5255843475209296,0.2600823256790229,3.489900726034633,106.55019846433476,44.62302728533916,3.4784811778780016,2908.1923540338757,Misalignment
0.6065528649116472,1.5723772499409536,2.905096112361039,0.42301053655522197,3.274578670149105,0.049237393251662265,3.1965808638409716,107.20406299002131,41.87460831637346,3.4512167018071827,2914.427681815778,Misalignment
0.5568553202311208,1.698672552842546,2.902588783310055,0.6257708715262782,4.149713836046263,-0.11428707584390393,3.164609860861539,108.2405608091194,41.4563068963599,3.256700260533274,2904.8258190793044,Misalignment
0.4763377100835399,1.6776769873033786,2.4424659391861496,0.4699500714878883,4.391647632121805,0.16421613225550444,2.9782088769013892,102.23230510622594,41.819723256734605,3.1044024758231417,2906.8227334809626,Misalignment
0.7181685163077215,2.264117741944142,4.228252492966341,0.5597275950479693,4.26363539500056,0.5950054183540431,3.5231254915633556,288.73488189019025,42.378936872454766,3.4551344399557666,2922.3461037298825,Impeller Damage
0.7938538611273905,2.7074498436914056,4.593561923950262,0.8065500549415072,3.931423592556344,0.45625504278494666,3.199280583226877,304.04164717527635,44.55749005404166,3.570819739003965,2895.744064986628,Impeller Damage
0.7984353356793786,2.391590817580155,4.253481608644121,0.6721128296350465,6.284386706235171,0.4807696305995173,3.0076108647283206,301.9791101391623,44.77196343589654,3.0261261425350705,2910.7438077107777,Impeller Damage
0.5814260524093631,2.5743995697517894,4.261002728084819,0.7246144076303366,5.327800975698632,0.3778637386387355,2.9781455704269915,303.02407926125045,47.34011161407567,2.997578082852785,2884.262761361246,Impeller Damage
1.0133790621782497,2.8368081793859936,4.7945416516847725,0.6071587814197956,5.39248552196471,0.4371893988490224,3.676568592493425,303.49468002081545,48.08978923774259,3.4710350644677823,2874.6159150901117,Impeller Damage
0.5542890274097905,2.3688746183496727,4.502329064008704,0.816909101138978,3.9299650453656847,0.3919036716493133,4.27454529257935,298.54915091544535,46.81500404238038,3.6236009424342805,2932.7114145436276,Impeller Damage
0.6766893133620152,2.3211224266878667,3.960188417736296,0.6843594334986006,4.960327753694449,0.5464111131549829,4.160445770309932,301.13699501238693,45.870215830929546,4.497095546655407,2878.5938014107505,Impeller Damage
0.7400409719896367,1.6287699343974458,5.167850363084609,0.8661894710845552,6.934244428893157,-0.05569513748798771,4.006176863365599,298.4909486285629,49.41830065040041,2.8408891435582113,2920.2978000986363,Impeller Damage
0.9301123451864562,2.236381487824824,4.754811978213617,0.6581405638749301,4.53644793153464,0.14804218500241284,2.516272462239375,304.0323094594236,50.574780842547696,3.2194623400944633,2895.660466350786,Impeller Damage
0.7828243335519068,2.3648958867283607,4.054832517333934,0.6439889812694837,5.841659908818994,0.23594847127261162,4.259949027884064,298.324169753559,44.221765878948524,3.9907763505743756,2901.8776036112126,Impeller Damage
0.9217622009174993,2.6667102376037715,4.040962038384813,0.7347296029217655,4.862840134809765,-0.03396423812143606,3.2313844324287904,307.35465620513776,47.712014311381544,2.961575468862005,2853.7715329433713,Impeller Damage
1.053068648224758,2.2183883464107046,4.043924386864111,0.7171209882123596,3.8181537965461345,0.5630809328925563,3.173126178086287,307.57181069416896,47.154955143341944,4.071812789827376,2893.6472789789477,Impeller Damage
0.9394525728016706,2.501682566130918,4.742810086438585,0.7917521372619253,4.813719427107532,0.6713956321460293,2.941878356706845,298.03015349640214,47.04465762562278,3.6609763013374086,2878.551601790321,Impeller Damage
0.8640644827825422,2.190905095178962,3.5299261154091557,0.7511462743508216,4.119547733575878,-0.1315648677387582,3.4115929943102232,301.415183394137,48.58009412631373,3.7268682828078776,2845.4830415393067,Impeller Damage
0.6294576300929542,2.9407325028847846,3.8240351819576306,0.8233009237364027,4.450449902667323,0.26752800263886417,3.0650356089768827,301.93078808233753,47.4103223519501,3.3206840905423065,2864.8962133670243,Impeller Damage
0.8574883876489515,1.8255484203350936,4.635114573166462,1.065178189084428,6.0801360410096095,0.40803653511671584,3.3114767160164837,284.4287316109753,43.03314081229945,4.013117142441086,2870.6253662372546,Impeller Damage
0.7221047062570334,2.1920223335105926,3.815874557634395,0.6027877518538036,4.959620741774862,0.053863519972152024,3.0165416390994975,292.53166281697094,48.56708064150341,3.407149723801857,2884.071416706335,Impeller Damage
0.9035724256232436,2.200286137118471,4.246960427348555,0.8064540426684205,5.534558274846105,0.2176438301081071,3.386273499029235,292.5274683918667,44.417950870506424,3.8076590007867233,2897.788725375982,Impeller Damage
0.8837417813783206,2.348299022053933,4.425411801698225,0.8335694268987323,5.748087008818227,0.4504701611419425,3.304649937824306,307.70894910936187,47.68538204519697,3.7529504770263196,2894.205933598367,Impeller Damage
0.8545809390477843,1.9924868034123882,4.785742961089655,1.0914353273889166,4.700163940167934,0.26561883739348857,3.149207631043732,294.58386068906646,51.633348434356016,3.230811592909014,2877.57022958594,Impeller Damage
0.5977510046776178,1.9848358964102135,3.460380058875659,0.8258165639054315,7.239757777469848,0.16933066539688513,2.5999589301543935,304.29999765100814,44.81922512320953,4.019738772221416,2881.7953609486212,Impeller Damage
0.7315458035284106,2.1877148554890096,4.816777218514903,0.7227095243093212,4.602620237765036,0.2062570473446482,2.777665166974602,300.77922121605786,41.63982021846527,3.3223514182537937,2904.706474594276,Impeller Damage
0.8624267596105804,2.4566122005452367,4.364224880004655,0.890369541718262,5.739759357415833,0.3481510209344884,3.7673955997910946,303.25296488082506,45.68160945995933,2.9624404353234666,2897.247966768538,Impeller Damage
0.8964524923164,2.631665196898498,3.885023298725089,0.6412282728867404,5.367920213046216,0.23434326245232093,2.5014072752429923,300.62575714627934,41.44273125503314,3.1218973792506493,2917.7369902029222,Impeller Damage
1.075483062492996,1.8245202710348134,4.218834654423018,0.7551147027694447,6.424981542065255,0.14156883147863164,3.135402189635025,308.84107890924,45.87563254184523,3.788880683586583,2855.5028547675265,Impeller Damage
0.7960274158270743,1.6691411065857584,3.8195114204743628,0.8507041626182716,4.9600756871306295,0.1797967370783456,3.0130626692085873,296.455407487311,47.90333950130208,3.8931664825847045,2830.2467729498703,Impeller Damage
0.7035534356032066,2.305683684766152,4.345625286220743,0.798405149103207,5.214032228901243,0.1829290701414504,3.1129160618057705,296.28148957185147,50.44622704946823,3.2071968268377145,2886.618252090833,Impeller Damage
0.8456679099597789,2.7961228254560604,4.234830457970028,0.8650567987213154,5.985583522612018,0.2359740617020574,3.255176459415457,295.6966242956625,46.23253059727225,3.8416959442307332,2893.0822194996213,Impeller Damage
0.8529405592837817,1.8561717713670578,3.867880457443621,1.0072136189732377,4.857739419769048,0.07955016097276077,3.993994624515184,299.97265984078484,48.73446475059357,3.4447811698873867,2880.9891920073105,Impeller Damage
0.7962579078503793,1.7660416403954806,4.3516399248190565,0.785523969245114,6.4803705870750035,0.26891979430114743,2.2996203310053627,297.34210197050766,55.21851239932492,3.846546493994016,2870.160443236211,Impeller Damage
0.9027549120202779,1.990295301288591,3.6554058642492286,0.7081956764119114,5.073221151391089,-0.16187421053534706,2.832878319257614,298.0723489422765,45.77548047203314,3.657924508458436,2861.277296799212,Impeller Damage
0.919975924797462,1.8356843160289318,5.303503866065697,0.544109005874602,4.12595658369327,0.3418215766670024,4.098904963173937,300.2053012528132,48.68857376054717,3.5070147606692235,2865.4192340094655,Impeller Damage
0.7513806312464868,1.8258315980065531,3.696709517722721,0.7982098703183695,4.101457614329631,0.3203018814791395,2.764179761500506,300.0746811408173,45.53395229311111,4.0626462134602574,2895.1218157027392,Impeller Damage
0.9930096050191798,1.9855236492511827,4.430878837134292,0.6322695410260466,4.6691158058044655,0.1923370709961816,3.0233638006907873,289.49147998808013,42.75944802904204,2.564100753717041,2864.760377802924,Impeller Damage
0.9078491455340582,1.690525513795351,3.6475324345606825,0.9649078285479498,4.490803160121397,0.32063012201626384,3.6390427159252225,302.63768290846895,42.43305730817582,3.407576128040204,2852.3990000705953,Impeller Damage
1.1624845002474453,1.69179365759454,3.823687879621599,0.6251278974190194,3.8026716186216953,0.54757066014644,4.440101555487574,294.6697561648117,43.03873055946677,2.6052298005095915,2882.629608192514,Impeller Damage
0.7757088407573978,2.0220463557739494,4.521756389686926,0.7974207771378583,5.2584666063503205,0.1804525281669328,2.8542701766915823,302.660831684647,47.03754127826459,3.8553430099338604,2905.381662088389,Impeller Damage
0.6209533103334037,1.748022227389839,3.98445260469271,0.6232481510051199,5.60420142078088,0.3272881287173419,3.84463279720339,300.77540772187643,47.62594874562011,3.9798919121376684,2898.334001474171,Impeller Damage
0.8295341348812806,2.76815856187574,4.463349485734035,0.7134791274098494,4.32974139297788,0.4046656009899905,3.906672743829111,297.645888189966,50.92374687133952,2.7119939872113696,2886.780025754226,Impeller Damage
0.8143867123053788,1.9955519696574286,5.711123570890031,0.7420568840773487,4.6738153827164535,0.2557116649553711,2.448733817663377,292.6809245225856,49.94971990833621,3.24842185802689,2869.764746418394,Impeller Damage
1.003333589112016,2.7190890403331403,4.684344759688629,0.6953859199153599,4.808423147906941,0.07308700845350902,2.90235209643711,290.689084581841,45.14583677964438,3.086111603726102,2853.5984873920506,Impeller Damage
0.8507163737655468,2.332108453312703,5.335436017135574,0.6697993957974357,5.236880471698616,0.3187967674404564,3.23577309749351,303.21033512124774,49.32568756055214,3.630964438079016,2882.3759264889486,Impeller Damage
0.7699457848023651,1.7712861354210294,3.95674522176027,0.6753590971317974,4.1008225900564526,0.34678327267128617,3.8884825410441546,291.64356297369596,47.85032430723391,3.086355544188116,2881.2917122393383,Impeller Damage
0.7233538589151113,2.4606634770122544,4.026666504386802,0.8713992496447976,4.803423381070241,0.10708718388913721,2.7860126319446765,299.77243157206743,49.68565520667854,3.6093285026147495,2937.254296661117,Impeller Damage
1.0201702433458586,2.1423652823490444,4.225084911406112,0.8063636063382423,4.329584655659452,0.506583427437147,3.512720234829613,299.7952123760097,49.060861003312446,4.189131953347624,2891.761017748125,Impeller Damage
0.8041743480780061,2.7780518681629025,4.932152728795125,0.7114824191539533,5.004149158927216,0.2929838015065357,3.5128158250722423,288.5038010434262,42.37254617659532,3.1450439911990182,2866.7757542537506,Impeller Damage
0.7298646380438496,2.4721487247315013,4.3070889640213945,0.7735673526012226,4.02055727196619,0.14843871535739206,3.6142659477851784,302.1646672072376,44.82627851543628,3.5646649545518216,2936.374652776611,Impeller Damage
0.8175362899042106,2.007384568850144,4.304430685850813,0.7610612529032199,4.87906529544756,0.2431019658511696,2.700448941378422,291.26158667439836,46.55199428878551,3.4338928119910253,2875.54383595308,Impeller Damage
0.7952180979492988,2.271355199394972,4.88917740108849,0.7380945917728738,5.319282564238603,0.13084793368453737,3.607443075619317,300.6301120832865,49.597451009539455,3.785384184977795,2900.9521837033853,Impeller Damage
0.8062215627879107,2.335728729465564,4.98492991064834,0.6717510516716647,4.4972737770425075,0.2899149075490796,3.536875860619454,292.231254505152,46.775712309760074,3.462400490308486,2839.2638374567236,Impeller Damage
0.7892568415037736,2.194938758503037,4.31183888144734,0.9199097129492722,4.0273613611929,0.06858303433498522,2.1745118907562997,294.63358333678104,45.813069337622,3.2960091294662974,2912.368901468643,Impeller Damage
0.9404864531271748,2.2772498534935566,4.196162820553076,0.8731427601728237,4.984193712131319,0.06998059143793928,2.577688095131952,294.9107985427302,49.26393085151783,4.410615475817236,2889.3554276161685,Impeller Damage
0.7128502278831573,1.835262177100525,4.70357519296808,0.5382460737138878,5.44027608112391,0.4298965533778407,3.5463257539547888,296.4623682964301,48.694821960640446,3.56837534845132,2870.881275479067,Impeller Damage
1.0790577251325035,2.1269122171363195,4.82666376524745,0.45976628607651426,6.021176706224743,0.573128023824008,3.363425204206987,301.9113972431643,48.67554554482269,3.24288657214371,2900.0366907196653,Impeller Damage
0.7067917342178422,2.036935076724136,5.019818728766765,0.8669589228840243,4.434899598307366,0.08861320442977105,3.0594815288940476,303.1284769652584,44.00004565756881,3.642685055614381,2904.4306298339543,Impeller Damage
0.807645636958966,2.6035222939027247,4.232629406780615,0.7243373278807302,4.218203015094515,0.47377901647644516,3.0050657988595084,300.4484027240054,46.786051798622196,3.078886774755335,2874.599730835887,Impeller Damage
1.0136021134657027,2.3205801399220682,3.8449673122482375,0.7866393944818431,4.883108774724364,1.00989020849372,3.4783057286040227,295.33562607053545,51.260083753361315,2.763585533082862,2890.075043440384,Impeller Damage
1.0992199892553502,2.209330250474086,3.446684425443557,0.7024898442707282,6.163614432767229,0.33273531119056965,2.972514750719367,293.2033003497468,45.32089918655056,3.6444791536215986,2917.4403149246505,Impeller Damage
0.9673392217918839,2.409604263738195,3.6675953819683844,0.590648098320787,5.426601616971011,-0.04600364154523673,3.248494840519128,300.12905312330327,43.58721801391194,3.090295066256455,2885.929336579508,Impeller Damage
0.8905110402533675,2.621531569644815,4.733879389123804,0.7588387913990633,4.403044197154361,0.01440046091420577,3.120105310251884,300.86954909486394,48.00987111988203,2.660039205709951,2870.715105378115,Impeller Damage
0.9886310572248618,2.2777252667314487,3.620645097793358,1.0326985417917782,4.976846614148188,0.3345534710489497,3.5297861402203106,295.4268317368787,44.817278954535816,4.348669994026376,2910.0705291315903,Impeller Damage
0.9350712081552147,2.4517012171013737,3.8481754353010738,0.9033036230088328,4.325493873590601,0.3123230955931421,2.612274542540944,283.7139880454674,47.95487360795934,3.1763602931220367,2844.23831343146,Impeller Damage
0.8956853304125906,2.992028269867776,5.164258142219034,0.7191218537681193,5.007076245357556,0.4452953764924609,3.8549576089257083,295.5952499682201,47.10253314717372,3.6202459227058146,2900.1852790461344,Impeller Damage
0.8013692981184226,2.2079701642259395,5.158907781364914,0.8951424842931464,5.38192845874887,0.6282039954050442,3.1760994069981123,309.36081414040564,48.62754633060665,4.8084104488858355,2861.7653976107854,Impeller Damage
0.7234916646895722,2.3965792398701917,4.618478729138446,0.9840166781010022,4.465300253360373,0.44908207411265455,3.873108352106898,302.9325348255445,44.11701097422704,4.063103522101679,2915.045148488939,Impeller Damage
0.9039418327706528,2.321521690523134,4.524359405524405,0.7405517049312746,5.512628107402113,0.2568496676478951,2.9681637610913114,290.6598584862069,44.74389123904312,3.588852897019781,2887.4069715984256,Impeller Damage
0.8501481310604249,2.4252845967411387,4.0549734907457164,0.9258792202014418,4.78583133836202,0.15464606334806802,3.5670738067996037,285.1444285833745,44.62839665083124,3.8924291194767333,2849.7767175606336,Impeller Damage
0.9764603875706418,2.7788977982256973,4.1967995641969384,0.7850175320911572,5.895269667880822,0.14730637863042567,3.7404989842367815,293.3019584340853,45.56719312000046,3.1802654142700106,2895.5382383822857,Impeller Damage
0.9821156673591769,2.1855604737589927,3.7008129620481784,0.6200751813255821,5.3156795370964325,0.6557056109467392,3.527176249691479,295.2917241454412,49.298551900550855,3.4042005457653013,2879.6777252179872,Impeller Damage
0.6858157252026631,2.7429570954862244,3.003435645377385,0.8457431040335123,4.629004049761971,0.1597250390806452,4.111541820253016,293.00108235459965,44.95979253791477,3.447842304432188,2897.104642487869,Impeller Damage
0.7581401904789983,1.6991493743124402,3.923866000515029,0.9037600627757423,5.059821431308409,0.34923920241484085,3.2323604567721334,293.38351612678713,52.03270834962623,3.4247232571795676,2878.245862650403,Impeller Damage
0.9734599312897475,1.9971738743964151,4.072899960924302,0.7512296020820277,5.000216083270543,0.30711449653870715,4.29125109022797,300.3537377244666,39.8658381117476,3.6305195773726244,2888.8333598787713,Impeller Damage
0.826083003409204,2.33608155828866,4.384226941778861,0.7436865488333533,5.490435367816628,0.1307422246172098,2.923541148962371,319.16647016835674,44.8524276686563,3.5400571649840304,2855.095474480742,Impeller Damage
0.8363055781071991,1.9233710572587328,4.156639881432494,0.8754077598925348,5.377607654702459,0.37505009540646017,2.552957822723662,310.8582661888031,43.42435606717437,4.111424325717546,2910.4739650515926,Impeller Damage
0.9008265838498551,1.9507553266820665,4.483374414650738,0.6934894307226168,5.023231657204233,0.19502810300117682,2.4326252720424164,305.8524890568921,46.75667853035192,3.3060798401991054,2875.672800877745,Impeller Damage
0.8701843406913475,1.9371852815969348,3.1596534428392764,0.7988555763849932,5.415282398365457,0.20608099857092077,2.833443706164496,298.622548786225,42.60640289505923,3.0891077613249363,2871.4846453969085,Impeller Damage
0.9381514699248178,2.123086167347079,4.153673473522947,0.9845631018493495,5.281969997750971,0.32457879230446174,3.1836346646560516,293.82539832654254,40.440780679948546,3.8874962127694235,2897.8628135266404,Impeller Damage
0.7949167609501221,2.2019706543573103,4.804879344243581,0.5634347912304176,4.528094934756956,1.3370163643305899e-05,4.147179177119036,304.1295887229731,40.39192207659391,2.8944953493440098,2885.088395186135,Impeller Damage
0.7538583703098605,1.7864662271730891,5.469619230707769,0.7875047896779095,5.3798530582904736,0.09775671116891296,3.6750233662301013,295.3369706731259,46.1499704788775,3.744400783930104,2852.1620535686734,Impeller Damage
1.0435839003791376,2.3138362251533566,5.104519314829234,0.6209496292057418,4.261467900777445,-0.005618048751958704,3.4626339526991776,298.46188311342775,45.60676454230646,3.094372322845888,2860.1348820659214,Impeller Damage
0.8132122539341081,2.0870446271439898,4.022916154202956,0.9356507383357932,4.934139457445813,0.5294094454639235,3.1100365177927864,299.7134339865906,46.833571951230994,2.8209510761927508,2919.423442737806,Impeller Damage
0.8010784950154617,2.511246376871536,3.9863842026461427,0.7302186742104283,4.306518112061316,0.5219196662079466,3.490134206352804,300.5693746867662,51.074552441314935,3.962536518759609,2904.837535794998,Impeller Damage
0.6209581714147552,2.0065123081691607,3.8478615251937565,0.8373040432350959,5.1365215534000415,-0.05591273539873082,3.2650651041449477,287.54121364996854,46.84053053579072,2.837850998405126,2899.6342048544616,Impeller Damage
0.8729147676447703,2.9177819726714085,4.866330309223539,0.6992502893012996,5.654456074619588,-0.05748605380793925,2.9168873283435115,300.33199772452576,40.52525101175622,3.485135686026447,2865.5542075733947,Impeller Damage
0.8341829877214568,1.8727922746834578,4.6333364756003546,0.7523192908400868,6.120292733505065,0.2514815975023569,3.0041107377673404,296.271799009209,42.967290808949805,3.662454901882176,2900.976705418936,Impeller Damage
1.1656874451369945,2.0323574032884584,4.2527129844786495,0.6809089770674142,5.16969096090498,0.33397191758551503,3.32598132000717,305.6042814181112,45.14906148873567,3.894469619156285,2899.846952780104,Impeller Damage
0.8183158112141474,2.1397721757349992,5.734667267302253,0.6519589619109505,5.238346541574732,0.08495180454673085,4.153529336879588,304.2077843015944,44.96495036347657,3.705037997372491,2893.6693058680844,Impeller Damage
0.7476725333235366,2.5153574760298607,4.614117965107426,0.7758838456663143,4.966464231006137,0.3448319883719233,3.453224447671607,298.4136533311751,45.07695225203731,4.177506496304997,2864.8907612463317,Impeller Damage
0.8798690706431642,2.1379157401944986,5.367750998197115,0.6415820955331392,4.411789390591735,0.03664002608239844,3.4955592729277747,288.3886453830195,45.5644145157267,2.639053670858286,2893.289269790818,Impeller Damage
0.7499699197741232,1.7291801396238515,4.9970851716357325,0.5930799721938073,5.6375549520225725,0.09577101872268304,4.070707120052941,303.246853772483,43.97585638737792,3.1331669791158774,2901.3215545149346,Impeller Damage
0.7832670617005766,2.190730122542522,5.099731373974654,0.6601573351956053,5.073035017740364,0.4600181146035073,3.7141028697735203,296.8827113273553,46.13328235744203,2.8044738149916273,2864.7626101613655,Impeller Damage
0.8645702917204626,2.201741233870217,4.441209893211425,0.8747104331560873,4.05014151275018,0.198040333508817,3.434919933535048,293.07088043697837,51.29443134178225,3.863434720645259,2894.382933195953,Impeller Damage
1.071192449106002,1.7253866521364503,4.395750545391875,0.7939604362720873,4.268355962564862,0.31615719919990026,2.852037877795455,302.8339012279198,50.17350430438672,3.6089333604513314,2847.2384480685714,Impeller Damage
0.6846489070367551,2.4476485011246063,4.411659253931801,0.42671968587690146,5.994264307094593,0.28006443137584314,2.9814164011999797,304.96468918296665,44.967379961279306,3.224619152958314,2895.883758322309,Impeller Damage
1.0693453842939213,2.81825551229051,4.597841324397259,0.8054862790620384,5.63319914566786,-0.026536408581256776,3.639866751718392,292.8614857229953,47.95543420038974,3.409012948957065,2899.0265831965125,Impeller Damage
0.8365344851009043,1.174439405212545,4.4983904414378495,0.8270583542759116,5.356742678670763,0.22743109183411248,4.088972761368683,300.17961190385165,48.31301990057932,3.9177967576202275,2895.977045993325,Impeller Damage
0.6942775145220115,1.3965819051771322,4.137583503890055,0.841313463105734,4.717522934865755,0.4262592419019805,3.416927679164123,307.0164624918353,46.114349878638016,3.6870459306270753,2899.129471419778,Impeller Damage
1.030224262168367,1.6526769427830028,4.147875448995764,0.8518219326466204,6.236717183822918,0.3028157327812577,3.218283126010331,303.2998285807211,49.60610802569505,3.3561353285330773,2895.266760867906,Impeller Damage
0.9852738167376757,2.911660647646058,4.808432727579411,0.7552966675998711,4.956739859169674,0.37262724258259705,3.2979472208842475,299.3274834931567,43.82637120640737,4.018822878596463,2862.9159360027293,Impeller Damage
0.7595043535365782,2.284157641298135,5.495042783938752,0.6992780418177207,4.467187348831683,0.12882027818656538,4.096503725425091,278.3135710454579,43.991785963554236,4.592515483663821,2900.999405616816,Impeller Damage
0.6651621070925091,2.23532870623883,4.437100011337324,0.8515350295086727,6.471601602258051,0.3354813698814274,3.1070952636441675,303.50959109468744,44.905241909411416,3.086665001604388,2849.2820048169583,Impeller Damage
0.6008820247699438,1.9362441953565048,3.7522156277645213,0.787588383284966,4.040478539340771,-0.4416065864454437,2.8802397014347405,294.69698246595004,45.183651536384104,4.107809871723674,2874.5020636956388,Impeller Damage
0.9433292848478877,2.2433560901116985,4.376732400880071,0.6497543653382356,4.952973878735386,0.08167885208256828,3.426510941414557,296.3462525716342,44.1661162004252,3.896757735880238,2897.3904905604713,Impeller Damage
0.7572712172200852,2.3009225664623587,4.35389761317392,0.6458890875284071,5.056396983216931,0.1133774139423776,2.9247797739709553,286.6406286881343,45.92417793938411,3.7267882638334893,2872.717494225665,Impeller Damage
1.1728992169021157,2.5599899787784564,5.1173815729632635,0.845429161448851,6.482291979950858,0.07685956363604074,2.1976681764536203,294.87712074152984,48.67465572664261,3.5606067886991912,2894.060397441291,Impeller Damage
1.004927400373782,2.383720151061875,4.839402110175063,0.6372524709776689,4.123685048627171,0.6051050630653874,3.3954056908161805,293.63739571587706,45.13581651935865,3.240350751344697,2872.4029015369915,Impeller Damage
0.6403593076354875,1.724852859222822,4.29274759229007,0.678848895561552,5.885727428354636,0.31447686371872163,3.4693929560350925,292.79815714711884,46.636914752660076,3.644400441452576,2903.756306273679,Impeller Damage
0.8068551442874288,2.627693322763473,4.404394119899369,0.8451416542221216,4.60811823312868,-0.14876944064510117,3.4707615446083353,303.07726844202637,48.72604199542271,3.668874664574976,2880.3310867489904,Impeller Damage
0.707055524797617,2.443104894165323,4.634546078909052,0.6826921090987409,5.887539351353645,0.05576958679952787,3.087414479544032,309.4549764863917,49.605745813201736,3.356796277643591,2894.322375612158,Impeller Damage
0.8416709142333373,1.2890351472579176,3.9014393277896406,0.7438984059468862,4.714710818752555,0.30436256426269254,3.858267040826564,295.7492495074225,43.8270356116314,3.629940663404418,2880.8142866615085,Impeller Damage
0.7981511098849335,2.1478791982964225,5.633010790006042,0.4811154886802466,4.689332877493883,0.24918841435735375,2.9984858784727497,304.29878082489796,49.43977303615892,3.480898152604584,2882.045177382439,Impeller Damage
0.8043260432075694,2.2133246712232664,4.356894834530831,0.7274401078179841,5.201959451673914,0.4157066542621303,2.7963829335806407,290.64535270536794,41.75444591154943,3.8465589601430397,2893.50711245019,Impeller Damage
0.8907374522305879,1.749675616572786,5.381721467584076,0.6769378910225571,5.134564645689005,0.43796462534924185,2.9058591098917677,294.17572949041136,47.53751532380262,4.642989230185883,2894.6247443427446,Impeller Damage
1.0448905610883006,2.6719856008171843,4.602405520071986,0.6312965074043185,5.847802888654588,-0.07958427516257033,4.0703938056546916,299.4000371575278,39.049329358105474,3.3637975619872647,2902.3868520603046,Impeller Damage
0.7868166577744327,2.5002520338477505,3.9324867077582377,0.5932821152654871,4.942843677561916,0.25694444680378126,3.1932270420219555,306.59103802649537,44.44937787458283,3.62526624293294,2889.4953393655996,Impeller Damage
0.6020597667009483,1.7883394357160207,4.406551058936747,0.9877439998424357,5.463415849519048,-0.12963966153181922,1.9502803706962981,303.1313751510307,46.7113595512154,3.956506387804148,2868.6242057443483,Impeller Damage
0.8690297497001936,2.546160712059752,4.153894998986435,0.6988697315722722,5.020210264878712,0.36938879624327237,3.34354969796964,304.8179743643164,45.61419443219891,2.968641917814756,2931.49345809849,Impeller Damage
0.7353512768840574,2.0510452706987885,4.363808173410299,0.7580617331584777,4.690653086009374,0.246164542671218,3.332106995857322,299.2237352891456,39.92753762303805,4.252350522803139,2884.7596571022395,Impeller Damage
0.9012871667225779,1.7676645304630916,4.140949856312913,0.6693220960415502,6.175779011606837,0.12112100649610577,3.6911359941230413,293.4470568312876,45.642143181038165,3.4017799339197254,2916.2445927902445,Impeller Damage
0.5554206277357834,1.7895177556539485,3.328982158870601,0.619499745628626,4.350719959046314,-0.1051858758998856,3.019633514023399,283.89699863346607,43.946033828696955,3.98016815996408,2896.8789375461843,Impeller Damage
0.8462454741041538,1.89902750530231,3.555153272525402,0.6133012709358863,4.965432138483188,0.44099889153986704,3.7560653377108943,302.4142865373833,44.787329407796165,3.5098199329615953,2880.9304643391806,Impeller Damage
0.791833433110735,2.9629947639359346,3.4308998696480133,0.7218387820893287,5.969399125756926,-0.07249612890737839,3.0603136586301876,294.2967305170265,46.33013083383805,2.861617136157513,2901.096293327437,Impeller Damage
0.9132802195518401,2.4279313637562816,3.9212944791399056,0.7603812948944754,4.28044780834473,0.17682873463026721,4.319060567226895,298.6698676431738,43.43742027203848,3.5721341362655656,2858.260489626607,Impeller Damage
0.6521385450478983,1.8856069024179232,4.155629801292374,0.8624362794707042,5.462718558413472,0.36505897221441225,2.8554839454842558,294.2107995119505,47.816003320649564,3.248672005844635,2881.8759383133756,Impeller Damage
0.8817902169541929,2.127929561579544,4.5243327740061146,0.9411274147223482,4.862512960810402,0.5094543181382254,3.601716530288311,287.72930604559264,43.69358891220943,3.1665616467720414,2869.193631827479,Impeller Damage
0.807359435545046,2.465125416828638,5.090337129187598,0.7869810106470099,4.643456355157432,-0.20809307359857232,3.381765308937802,298.1803913558649,47.54878626061687,4.342496119081333,2915.2931240162475,Impeller Damage
0.929908528554998,1.9132730044749402,4.117852887941791,0.7386186471685797,4.379674300791717,0.36010219549672595,3.510608982147067,290.3818454486171,50.59045012728837,3.540924133523544,2849.9604347716704,Impeller Damage
0.8128119998317043,2.3484222595730166,4.935035798789658,0.7095028316248061,5.6623506139577655,0.2911712370894475,2.758225425933089,288.0938325856224,50.36767961044804,3.9783936713527077,2895.1040030689037,Impeller Damage
1.029398940965204,2.6198134471645624,4.775995801213847,0.6406426213519594,6.385143000825875,0.36798631508582,3.1763725514247705,293.3221099628629,47.770351344541574,2.831576366064618,2903.392812057763,Impeller Damage
0.6865000859428362,2.3797128380885004,4.113108814453013,0.7182697544730355,4.394472101787948,0.21452952514022366,4.20022079570781,307.6954173893405,48.06343686498637,3.489882293774019,2906.5724261952437,Impeller Damage
0.9781958551750579,1.9595635662273647,4.357408622802289,0.5313650124518303,5.898481688208716,0.7043053366941883,3.3860371810803884,283.1249291256789,48.826671549731095,3.138364333540368,2873.406312283382,Impeller Damage
0.9077206945707404,2.3390939439294534,4.13154017356377,0.6720473240878003,5.100668844176666,0.15991757844727916,2.8508432898786467,295.6720577296515,48.01877786976555,3.4287586132721466,2856.90281083854,Impeller Damage
0.9584690469925755,1.2914159970698333,4.154499164734361,0.67557618545353,5.1185431022971315,0.3735655977166018,3.857044163717466,293.01316588653486,48.759747012000446,3.5783273551525845,2850.346133745969,Impeller Damage
1.0860756357607753,1.7464287054659302,4.630723499770344,0.7967951933037297,5.220509425863262,0.14119308592444635,3.7222636930132262,287.0774276823983,46.80251363397823,3.2744501293790167,2873.0994452745254,Impeller Damage
0.8800246902434964,2.627117489951889,4.211209330989724,0.8436817307910933,5.039792532355679,0.05359891396763811,3.2339215580415215,295.9035987644587,44.91002026248366,3.6713931714623333,2893.1622161295045,Impeller Damage
0.5973090422422814,1.671965901666225,4.633576449263165,0.6521656285446559,5.2416329240802595,0.4218049471840214,2.7780712231674984,288.1192392179667,52.02329504718588,3.6406283131849837,2878.776705553188,Impeller Damage
0.689248336629523,2.0713457028824522,3.7451852151376794,0.8560094608908708,4.378599077114943,0.4905776094075788,3.169716986103495,290.6965487146788,45.72109523595859,2.450333288999433,2885.343091313172,Impeller Damage
0.7961833132417777,2.538659961291789,3.362532289609142,0.8894239633036257,5.656479435998125,0.5254495840137058,3.3262753807981382,305.09727783871926,42.586267895279285,3.7852190260818133,2871.034419233801,Impeller Damage
0.5888037434607889,1.8565508186424737,4.403042126246099,0.6510840950138876,5.30085882535664,-0.14781226210088383,2.392806105372862,307.60671203900506,49.711400388204304,3.080281265634477,2887.934007843648,Impeller Damage
0.9627309884281853,2.396720212901712,4.4815227029009135,0.8814184897575117,4.4154300198390235,0.25685925870621834,3.341968112768424,296.0906656663027,45.830583465737746,3.5291472951313962,2888.7569649116817,Impeller Damage
0.6732201300451663,2.530628568465157,3.8629881357285583,0.7238119866543391,4.763775621823958,0.3287827947850275,2.3964032269022004,304.2363687045062,44.96902895716351,3.987985317910822,2877.480371660645,Impeller Damage
0.8131618979972385,2.9198251140239484,4.247463985163483,0.898661986160815,5.031236068451648,0.3413921426645677,3.3814813652351186,303.93496138410086,44.94340516144084,3.106380590792326,2873.9513238117056,Impeller Damage
0.8339594526853727,2.1727134250573847,4.790651182059148,0.9065678039785824,4.219329330211993,0.08853126584493484,2.703692261759216,312.2126109353137,47.91400849736548,3.691920928020631,2858.515415529317,Impeller Damage
0.8198362015390375,2.42823679454458,4.260983270206067,0.8790846749791673,6.849464900514263,0.0416461780393306,2.8900607393104867,291.8557075413,51.81859748004947,3.9169421268118736,2885.0183880085397,Impeller Damage
0.8251183530161224,1.9642097308311475,4.889514936758752,0.7044117811069736,4.791938768436,0.3839337497364365,3.2654022778625507,296.3552380455151,47.031725616587224,3.8181421655172305,2924.222847660644,Impeller Damage
0.9019680725144514,2.5311599782684935,4.290080265844382,0.665064256419754,5.523188985788092,0.2876729814121257,2.709817108062613,295.70351263602083,46.751308929555336,3.2958168531886085,2920.598183079927,Impeller Damage
0.8871774651663102,2.730611221261027,4.544883893908688,0.7597665403710093,4.2507217459118,0.25262449730324466,3.3558742665539483,288.43020281176035,45.38141759068881,3.370686960593455,2897.096549969226,Impeller Damage
0.8845890156779989,2.046538531312178,4.6578782813980375,0.728150528478178,2.7043039801160345,0.14336555297066067,3.8355448880640703,286.2273597036062,47.33807360124662,4.134104485674115,2871.2665150337693,Impeller Damage
0.8203008712598759,1.7935943099702276,5.294977127914965,0.7400000847604062,5.037301474235215,0.5479461024112369,3.6476652775904665,291.8705988725228,45.058166227738056,3.6979725218093193,2874.2693367886154,Impeller Damage
0.5235859363031261,2.231365720476323,3.585883036381355,0.9439538104276471,5.141430110210522,0.050861487516413395,3.035615413401896,284.77421688488255,43.70161433965849,3.9065292810162795,2937.099295200833,Impeller Damage
0.9216955118478541,2.2177851114826397,4.162422343390346,0.6352205023708365,6.647812719471792,0.20847528558983752,4.302033423528127,307.75463656727044,41.77761070596118,3.2336190416962833,2873.281007268176,Impeller Damage
0.8088215090251965,2.2288900114101864,6.047931502468979,0.620732655063029,5.183175948531512,0.3856317033429167,3.3492925979888617,298.7712640444695,43.86557331708024,3.5425944778410727,2899.2507779158364,Impeller Damage
0.8658640817979579,2.449570316369232,5.176934345349928,0.862435985029721,5.0570356907979495,-0.007786837414321124,3.0799976263799964,296.4625819365781,47.757037494024345,3.308666895400242,2867.4138696179443,Impeller Damage
0.6536521835231528,1.6720877843305642,4.270777112923987,0.5736401469515634,4.199579452674087,0.16334158797425347,2.748837210773855,300.65826531949085,49.22066919081706,3.2802291920898408,2878.38539923258,Impeller Damage
0.8952401678194708,2.0001017159678622,3.969496348621488,0.8935798173823548,5.70735019097023,0.38234100051566233,3.766540079627342,284.15904892242844,51.06150664037932,3.656824846633497,2910.237190448126,Impeller Damage
0.8742026490762907,2.267123688638055,4.248579933200871,0.7940573252263446,4.750601672876359,0.44093274201432475,2.63609450995151,294.20896896744006,53.13446974542994,3.249567814571043,2882.7489580926035,Impeller Damage
0.6964386693309893,2.3675459855100383,3.9950543104217933,0.727726687823154,5.679093228828057,0.0962720478607405,3.7048750036693496,303.7556052089225,50.16486828415788,3.556216397967216,2959.307699693489,Impeller Damage
0.9676347175158915,2.363707168542389,3.918241572255046,0.7383529048951031,6.141061581520027,0.6260976154377791,4.015248095198103,303.4963461471073,43.23301938111329,3.694864727130268,2860.689147682834,Impeller Damage
0.6117540329266937,2.3337055396020334,4.687759695998363,0.8584052518176966,5.397708992308875,0.36694891686340464,2.9069063367534307,297.2651632072073,42.47864964309654,2.698652348239922,2904.2941396165475,Impeller Damage
0.7145625848692657,2.5553744757500687,5.009591167834022,0.6756819210452163,5.472248875644239,0.10454551970499884,2.5193545064179292,298.8631658310972,45.58737836085272,3.3239643957651475,2931.4575485926016,Impeller Damage
